token,symbol,name,expiry,strike,lotsize,instrumenttype,exch_seg,tick_size,freeze_qty,is_cas_enabled
1011,SCHAEFFLER-EQ,SCHAEFFLER,,-1.000000,1,,NSE,10.000000,24227,False
10243,SYNGENE-EQ,SYNGENE,,-1.000000,1,,NSE,5.000000,244623,False
10285,AYMSYNTEX-EQ,AYMSYNTEX,,-1.000000,1,,NSE,5.000000,394941,False
10321,PKTEA-EQ,PKTEA,,-1.000000,1,,NSE,5.000000,101235,False
10350,CSLFINANCE-EQ,CSLFINANCE,,-1.000000,1,,NSE,1.000000,446060,False
10440,LUPIN-EQ,LUPIN,,-1.000000,1,,NSE,10.000000,43437,True
10693,MOMENTUM-EQ,MOMENTUM,,-1.000000,1,,NSE,1.000000,412696,False
10726,INDIAMART-EQ,INDIAMART,,-1.000000,1,,NSE,10.000000,55993,False
10794,CANBK-EQ,CANBK,,-1.000000,1,,NSE,1.000000,752864,True
10922,OMAXAUTO-EQ,OMAXAUTO,,-1.000000,1,,NSE,1.000000,482433,False
10945,TMB-EQ,TMB,,-1.000000,1,,NSE,5.000000,116388,False
11050,SIRCA-EQ,SIRCA,,-1.000000,1,,NSE,5.000000,229386,False
11287,UPL-EQ,UPL,,-1.000000,1,,NSE,5.000000,174743,True
11293,UNIENTER-EQ,UNIENTER,,-1.000000,1,,NSE,1.000000,1030043,False
11319,LICNETFN50-EQ,LICNETFN50,,-1.000000,1,,NSE,1.000000,363989,False
11496,AMBICAAGAR-EQ,AMBICAAGAR,,-1.000000,1,,NSE,1.000000,561700,False
1156,GLFL-EQ,GLFL,,-1.000000,1,,NSE,1.000000,887012,False
11689,SUPRAJIT-EQ,SUPRAJIT,,-1.000000,1,,NSE,5.000000,190942,False
1174,GNFC-EQ,GNFC,,-1.000000,1,,NSE,5.000000,181471,False
11723,JSWSTEEL-EQ,JSWSTEEL,,-1.000000,1,,NSE,10.000000,78254,True
11794,SAKSOFT-EQ,SAKSOFT,,-1.000000,1,,NSE,1.000000,613447,False
11821,WELCORP-EQ,WELCORP,,-1.000000,1,,NSE,10.000000,53285,False
11892,VHL-EQ,VHL,,-1.000000,1,,NSE,10.000000,28463,False
10238,CONFIPET-EQ,CONFIPET,,-1.000000,1,,NSE,1.000000,1354546,False
1200,ESG-EQ,ESG,,-1.000000,1,,NSE,1.000000,772971,False
11999,FCSSOFT-EQ,FCSSOFT,,-1.000000,1,,NSE,1.000000,55902386,False
1030,AARON-EQ,AARON,,-1.000000,1,,NSE,1.000000,684949,False
10276,KAYA-EQ,KAYA,,-1.000000,1,,NSE,5.000000,326047,False
12000,FAZE3Q-EQ,FAZE3Q,,-1.000000,1,,NSE,5.000000,184143,False
12022,AURIONPRO-EQ,AURIONPRO,,-1.000000,1,,NSE,5.000000,139093,False
12032,FIVESTAR-EQ,FIVESTAR,,-1.000000,1,,NSE,5.000000,180354,False
1041,FINPIPE-EQ,FINPIPE,,-1.000000,1,,NSE,1.000000,619235,False
12092,KAYNES-EQ,KAYNES,,-1.000000,1,,NSE,10.000000,26076,True
10457,ARVSMART-EQ,ARVSMART,,-1.000000,1,,NSE,5.000000,150214,False
12124,DOLATALGO-EQ,DOLATALGO,,-1.000000,1,,NSE,1.000000,1432288,False
10508,MOHEALTH-EQ,MOHEALTH,,-1.000000,1,,NSE,1.000000,280092,False
1235,GREAVESCOT-EQ,GREAVESCOT,,-1.000000,1,,NSE,1.000000,515987,False
10557,NAVKARCORP-EQ,NAVKARCORP,,-1.000000,1,,NSE,1.000000,999447,False
10577,KRBL-EQ,KRBL,,-1.000000,1,,NSE,5.000000,267801,False
12533,AAATECH-EQ,AAATECH,,-1.000000,1,,NSE,1.000000,419436,False
10676,MNC-EQ,MNC,,-1.000000,1,,NSE,1.000000,446533,False
10723,INFRAIETF-EQ,INFRAIETF,,-1.000000,1,,NSE,1.000000,1034729,False
12841,11NSETEST-EQ,11NSETEST,,-1.000000,1,,NSE,5.000000,1052600,False
11045,SATIA-EQ,SATIA,,-1.000000,1,,NSE,1.000000,1625200,False
13061,360ONE-EQ,360ONE,,-1.000000,1,,NSE,10.000000,85768,True
13121,KERNEX-EQ,KERNEX,,-1.000000,1,,NSE,10.000000,46072,False
10948,STCINDIA-EQ,STCINDIA,,-1.000000,1,,NSE,1.000000,852000,False
11262,IGL-EQ,IGL,,-1.000000,1,,NSE,1.000000,646800,False
1139,GICHSGFIN-EQ,GICHSGFIN,,-1.000000,1,,NSE,1.000000,669261,False
11301,LUXIND-EQ,LUXIND,,-1.000000,1,,NSE,10.000000,82486,False
11355,PTC-EQ,PTC,,-1.000000,1,,NSE,1.000000,604448,False
11439,BANKBEES-EQ,BANKBEES,,-1.000000,1,,NSE,1.000000,167774,False
11491,APARINDS-EQ,APARINDS,,-1.000000,1,,NSE,100.000000,5544,False
11536,TCS-EQ,TCS,,-1.000000,1,,NSE,10.000000,39798,True
13536,VIDHIING-EQ,VIDHIING,,-1.000000,1,,NSE,5.000000,317500,False
13565,RAMANEWS-EQ,RAMANEWS,,-1.000000,1,,NSE,1.000000,2987616,False
11647,KOTARISUG-EQ,KOTARISUG,,-1.000000,1,,NSE,1.000000,2710456,False
13592,HGM-EQ,HGM,,-1.000000,1,,NSE,1.000000,411855,False
13643,ELECON-EQ,ELECON,,-1.000000,1,,NSE,5.000000,226419,False
13693,INFOMEDIA-EQ,INFOMEDIA,,-1.000000,1,,NSE,1.000000,1641349,False
1185,AMBER-EQ,AMBER,,-1.000000,1,,NSE,50.000000,14283,True
11798,ALLDIGI-EQ,ALLDIGI,,-1.000000,1,,NSE,5.000000,124299,False
13814,KAMOPAINTS-EQ,KAMOPAINTS,,-1.000000,1,,NSE,1.000000,10758300,False
11868,63MOONS-EQ,63MOONS,,-1.000000,1,,NSE,5.000000,115242,False
11905,GENUSPOWER-EQ,GENUSPOWER,,-1.000000,1,,NSE,5.000000,327669,False
13844,MMFL-EQ,MMFL,,-1.000000,1,,NSE,5.000000,157011,False
11919,MSPL-EQ,MSPL,,-1.000000,1,,NSE,1.000000,2867424,False
11983,SASKEN-EQ,SASKEN,,-1.000000,1,,NSE,10.000000,51907,False
14014,LUMAXTECH-EQ,LUMAXTECH,,-1.000000,1,,NSE,10.000000,49005,False
14019,VEEDOL-EQ,VEEDOL,,-1.000000,1,,NSE,10.000000,66071,False
12072,SCPL-EQ,SCPL,,-1.000000,1,,NSE,5.000000,153342,False
1412,AGI-EQ,AGI,,-1.000000,1,,NSE,5.000000,141622,False
14111,NETWORK18-EQ,NETWORK18,,-1.000000,1,,NSE,1.000000,3481836,False
14134,PITTIENG-EQ,PITTIENG,,-1.000000,1,,NSE,5.000000,95753,False
12219,RUSTOMJEE-EQ,RUSTOMJEE,,-1.000000,1,,NSE,5.000000,267124,False
14305,OSWALSEEDS-EQ,OSWALSEEDS,,-1.000000,1,,NSE,1.000000,2991069,False
14334,HSCL-EQ,HSCL,,-1.000000,1,,NSE,5.000000,130676,False
14361,APOLLOPIPE-EQ,APOLLOPIPE,,-1.000000,1,,NSE,5.000000,195001,False
14423,LAOPALA-EQ,LAOPALA,,-1.000000,1,,NSE,1.000000,526695,False
14428,GOLDBEES-EQ,GOLDBEES,,-1.000000,1,,NSE,1.000000,797299,False
14435,JKTYRE-EQ,JKTYRE,,-1.000000,1,,NSE,5.000000,258595,False
13001,DHARMAJ-EQ,DHARMAJ,,-1.000000,1,,NSE,5.000000,359130,False
13072,IIFLCAPS-EQ,IIFLCAPS,,-1.000000,1,,NSE,5.000000,298268,False
14602,WEBELSOLAR-EQ,WEBELSOLAR,,-1.000000,1,,NSE,1.000000,1172241,False
13143,GSEC10IETF-EQ,GSEC10IETF,,-1.000000,1,,NSE,1.000000,376746,False
14702,NAGREEKEXP-EQ,NAGREEKEXP,,-1.000000,1,,NSE,1.000000,1021850,False
13192,ENIL-EQ,ENIL,,-1.000000,1,,NSE,1.000000,986872,False
13290,BLKASHYAP-EQ,BLKASHYAP,,-1.000000,1,,NSE,1.000000,1900684,False
13342,VAKRANGEE-EQ,VAKRANGEE,,-1.000000,1,,NSE,1.000000,16805720,False
14761,NELCAST-EQ,NELCAST,,-1.000000,1,,NSE,1.000000,835385,False
14767,081NSETEST-EQ,081NSETEST,,-1.000000,1,,NSE,5.000000,500000,False
13359,KFINTECH-EQ,KFINTECH,,-1.000000,1,,NSE,5.000000,108362,True
13376,UTTAMSUGAR-EQ,UTTAMSUGAR,,-1.000000,1,,NSE,1.000000,394424,False
1497,SHIVAMILLS-EQ,SHIVAMILLS,,-1.000000,1,,NSE,1.000000,282587,False
14889,ASIANTILES-EQ,ASIANTILES,,-1.000000,1,,NSE,1.000000,1882426,False
14947,MOTILALOFS-EQ,MOTILALOFS,,-1.000000,1,,NSE,5.000000,110794,True
13510,AKASH-EQ,AKASH,,-1.000000,1,,NSE,1.000000,551404,False
13511,MUNJALAU-EQ,MUNJALAU,,-1.000000,1,,NSE,1.000000,1001700,False
15039,CERA-EQ,CERA,,-1.000000,1,,NSE,50.000000,16986,False
15068,RELIGARE-EQ,RELIGARE,,-1.000000,1,,NSE,5.000000,420773,False
13557,AVONMORE-EQ,AVONMORE,,-1.000000,1,,NSE,1.000000,8794851,False
1507,MOGSEC-EQ,MOGSEC,,-1.000000,1,,NSE,1.000000,819139,False
1508,ASTERDM-EQ,ASTERDM,,-1.000000,1,,NSE,5.000000,120722,False
15119,EDELWEISS-EQ,EDELWEISS,,-1.000000,1,,NSE,1.000000,840520,False
13631,SKYGOLD-EQ,SKYGOLD,,-1.000000,1,,NSE,5.000000,120027,False
1512,INDHOTEL-EQ,INDHOTEL,,-1.000000,1,,NSE,5.000000,138072,True
15157,RHL-EQ,RHL,,-1.000000,1,,NSE,1.000000,565438,False
13720,JHS-EQ,JHS,,-1.000000,1,,NSE,1.000000,2858168,False
13745,GTLINFRA-EQ,GTLINFRA,,-1.000000,1,,NSE,1.000000,81299433,False
13771,VGL-EQ,VGL,,-1.000000,1,,NSE,1.000000,1662778,False
15303,BANG-EQ,BANG,,-1.000000,1,,NSE,1.000000,443412,False
13890,HIRECT-EQ,HIRECT,,-1.000000,1,,NSE,10.000000,80465,False
15414,TITAGARH-EQ,TITAGARH,,-1.000000,1,,NSE,5.000000,119859,False
15420,ACL-EQ,ACL,,-1.000000,1,,NSE,1.000000,2166782,False
16045,PRINCEPIPE-EQ,PRINCEPIPE,,-1.000000,1,,NSE,5.000000,370821,False
14296,VIYASH-EQ,VIYASH,,-1.000000,1,,NSE,5.000000,380518,False
16395,MMP-EQ,MMP,,-1.000000,1,,NSE,5.000000,289665,False
14329,SMSPHARMA-EQ,SMSPHARMA,,-1.000000,1,,NSE,5.000000,270560,False
1442,SANOFI-EQ,SANOFI,,-1.000000,1,,NSE,10.000000,30814,False
16696,GHCLTEXTIL-EQ,GHCLTEXTIL,,-1.000000,1,,NSE,1.000000,862566,False
14511,BANSWRAS-EQ,BANSWRAS,,-1.000000,1,,NSE,1.000000,819653,False
14537,DISHTV-EQ,DISHTV,,-1.000000,1,,NSE,1.000000,35585955,False
14597,ALPHAGEO-EQ,ALPHAGEO,,-1.000000,1,,NSE,1.000000,208127,False
14607,TGBHOTELS-EQ,TGBHOTELS,,-1.000000,1,,NSE,1.000000,957665,False
14657,INSECTICID-EQ,INSECTICID,,-1.000000,1,,NSE,5.000000,159077,False
14732,DLF-EQ,DLF,,-1.000000,1,,NSE,5.000000,150994,True
14769,091NSETEST-EQ,091NSETEST,,-1.000000,1,,NSE,5.000000,500000,False
17130,PARAGMILK-EQ,PARAGMILK,,-1.000000,1,,NSE,1.000000,463373,False
17187,CYIENTDLM-EQ,CYIENTDLM,,-1.000000,1,,NSE,5.000000,145078,False
17197,PAKKA-EQ,PAKKA,,-1.000000,1,,NSE,1.000000,1413213,False
1491,IFCI-EQ,IFCI,,-1.000000,1,,NSE,1.000000,1357934,False
14908,KDDL-EQ,KDDL,,-1.000000,1,,NSE,10.000000,25963,False
17351,SALONA-EQ,SALONA,,-1.000000,1,,NSE,1.000000,172080,False
17376,LANDSMILL-EQ,LANDSMILL,,-1.000000,1,,NSE,1.000000,46129728,False
15002,SUPREMEINF-EQ,SUPREMEINF,,-1.000000,1,,NSE,1.000000,1191971,False
15049,ENERGYDEV-EQ,ENERGYDEV,,-1.000000,1,,NSE,1.000000,1553250,False
15058,AVALON-EQ,AVALON,,-1.000000,1,,NSE,10.000000,50892,False
15067,BLAL-EQ,BLAL,,-1.000000,1,,NSE,1.000000,585105,False
15141,COLPAL-EQ,COLPAL,,-1.000000,1,,NSE,10.000000,49773,True
17572,LIQUID-EQ,LIQUID,,-1.000000,1,,NSE,1.000000,99996,False
15174,TARIL-EQ,TARIL,,-1.000000,1,,NSE,5.000000,341888,False
17685,GPTINFRA-EQ,GPTINFRA,,-1.000000,1,,NSE,1.000000,841209,False
17702,MIDSELIETF-EQ,MIDSELIETF,,-1.000000,1,,NSE,1.000000,1891521,False
15283,KNRCON-EQ,KNRCON,,-1.000000,1,,NSE,1.000000,748646,False
15330,QGOLDHALF-EQ,QGOLDHALF,,-1.000000,1,,NSE,1.000000,797779,False
15391,RACE-EQ,RACE,,-1.000000,1,,NSE,1.000000,564310,False
154,APCOTEXIND-EQ,APCOTEXIND,,-1.000000,1,,NSE,5.000000,166214,False
1565,RVHL-EQ,RVHL,,-1.000000,1,,NSE,1.000000,2005351,False
15716,PIGL-EQ,PIGL,,-1.000000,1,,NSE,1.000000,686010,False
16123,BHARATWIRE-EQ,BHARATWIRE,,-1.000000,1,,NSE,1.000000,534137,False
16253,EBBETF0430-EQ,EBBETF0430,,-1.000000,1,,NSE,1.000000,61797,False
16669,BAJAJ-AUTO-EQ,BAJAJ-AUTO,,-1.000000,1,,NSE,100.000000,8384,True
16736,MKPL-EQ,MKPL,,-1.000000,1,,NSE,1.000000,12274664,False
16821,VINYLINDIA-EQ,VINYLINDIA,,-1.000000,1,,NSE,1.000000,411301,False
16875,SICAGEN-EQ,SICAGEN,,-1.000000,1,,NSE,1.000000,1293994,False
16921,20MICRONS-EQ,20MICRONS,,-1.000000,1,,NSE,1.000000,543094,False
16933,INDBANK-EQ,INDBANK,,-1.000000,1,,NSE,1.000000,1451167,False
17029,PATANJALI-EQ,PATANJALI,,-1.000000,1,,NSE,5.000000,282908,True
17181,NEXT50-EQ,NEXT50,,-1.000000,1,,NSE,1.000000,129700,False
17186,SHRIPISTON-EQ,SHRIPISTON,,-1.000000,1,,NSE,10.000000,22289,False
17256,ALBERTDAVD-EQ,ALBERTDAVD,,-1.000000,1,,NSE,5.000000,128645,False
17438,OIL-EQ,OIL,,-1.000000,1,,NSE,5.000000,211459,True
17576,PVTBANKADD-EQ,PVTBANKADD,,-1.000000,1,,NSE,1.000000,3591720,False
17641,SUNTECK-EQ,SUNTECK,,-1.000000,1,,NSE,5.000000,341554,False
10099,GODREJCP-EQ,GODREJCP,,-1.000000,1,,NSE,10.000000,109487,True
10277,NGLFINE-EQ,NGLFINE,,-1.000000,1,,NSE,10.000000,29333,False
10604,BHARTIARTL-EQ,BHARTIARTL,,-1.000000,1,,NSE,10.000000,48746,True
10738,OFSS-EQ,OFSS,,-1.000000,1,,NSE,100.000000,8532,True
10822,MOQUALITY-EQ,MOQUALITY,,-1.000000,1,,NSE,1.000000,66592,False
10825,MOVALUE-EQ,MOVALUE,,-1.000000,1,,NSE,1.000000,472092,False
10905,GENESYS-EQ,GENESYS,,-1.000000,1,,NSE,5.000000,480756,False
10990,RADICO-EQ,RADICO,,-1.000000,1,,NSE,10.000000,21964,True
1110,DANGEE-EQ,DANGEE,,-1.000000,1,,NSE,1.000000,5034982,False
11065,NATHBIOGEN-EQ,NATHBIOGEN,,-1.000000,1,,NSE,1.000000,621430,False
11223,UCOBANK-EQ,UCOBANK,,-1.000000,1,,NSE,1.000000,3812025,False
11255,HDFCQUAL-EQ,HDFCQUAL,,-1.000000,1,,NSE,1.000000,114835,False
11297,SIL-EQ,SIL,,-1.000000,1,,NSE,1.000000,2103556,False
11359,DHANBANK-EQ,DHANBANK,,-1.000000,1,,NSE,1.000000,3076677,False
11377,MAHABANK-EQ,MAHABANK,,-1.000000,1,,NSE,1.000000,1215265,False
11543,COFORGE-EQ,COFORGE,,-1.000000,1,,NSE,10.000000,55331,True
11571,PPLPHARMA-EQ,PPLPHARMA,,-1.000000,1,,NSE,1.000000,475291,False
1162,GTL-EQ,GTL,,-1.000000,1,,NSE,1.000000,5143604,False
11582,TRACXN-EQ,TRACXN,,-1.000000,1,,NSE,1.000000,3341048,False
11591,HDFCNIFTY-EQ,HDFCNIFTY,,-1.000000,1,,NSE,1.000000,362231,False
11630,NTPC-EQ,NTPC,,-1.000000,1,,NSE,5.000000,290899,True
11634,SALSTEEL-EQ,SALSTEEL,,-1.000000,1,,NSE,1.000000,1585974,False
11705,XCHANGING-EQ,XCHANGING,,-1.000000,1,,NSE,1.000000,1490915,False
1181,GODFRYPHLP-EQ,GODFRYPHLP,,-1.000000,1,,NSE,10.000000,45390,True
11829,SSWL-EQ,SSWL,,-1.000000,1,,NSE,5.000000,319862,False
1196,KANSAINER-EQ,KANSAINER,,-1.000000,1,,NSE,1.000000,479567,False
11932,FUSION-EQ,FUSION,,-1.000000,1,,NSE,1.000000,490710,False
11971,GOLDIAM-EQ,GOLDIAM,,-1.000000,1,,NSE,5.000000,268142,False
12026,RENUKA-EQ,RENUKA,,-1.000000,1,,NSE,1.000000,4546454,False
12153,BBTCL-EQ,BBTCL,,-1.000000,1,,NSE,1.000000,445975,False
1247,GSFC-EQ,GSFC,,-1.000000,1,,NSE,1.000000,622023,False
12578,FINIETF-EQ,FINIETF,,-1.000000,1,,NSE,1.000000,2098167,False
12848,N1NSETEST-EQ,N1NSETEST,,-1.000000,1,,NSE,5.000000,338900,False
13,ABB-EQ,ABB,,-1.000000,1,,NSE,50.000000,12926,True
13057,UNIPARTS-EQ,UNIPARTS,,-1.000000,1,,NSE,5.000000,122879,False
13182,ROHLTD-EQ,ROHLTD,,-1.000000,1,,NSE,5.000000,325290,False
13218,SULA-EQ,SULA,,-1.000000,1,,NSE,1.000000,662235,False
13251,SAKUMA-EQ,SAKUMA,,-1.000000,1,,NSE,1.000000,51264399,False
13260,KEC-EQ,KEC,,-1.000000,1,,NSE,5.000000,226270,False
1328,MARINE-EQ,MARINE,,-1.000000,1,,NSE,5.000000,288145,False
1333,HDFCBANK-EQ,HDFCBANK,,-1.000000,1,,NSE,5.000000,123206,True
13421,EMKAY-EQ,EMKAY,,-1.000000,1,,NSE,1.000000,405079,False
13463,PIONEEREMB-EQ,PIONEEREMB,,-1.000000,1,,NSE,1.000000,1007395,False
13517,EMAMILTD-EQ,EMAMILTD,,-1.000000,1,,NSE,5.000000,251424,False
13587,ACE-EQ,ACE,,-1.000000,1,,NSE,10.000000,91217,False
13598,ANTELOPUS-EQ,ANTELOPUS,,-1.000000,1,,NSE,5.000000,124650,False
13637,JMFINANCIL-EQ,JMFINANCIL,,-1.000000,1,,NSE,1.000000,770911,False
13753,MANOMAY-EQ,MANOMAY,,-1.000000,1,,NSE,1.000000,461758,False
13761,BBL-EQ,BBL,,-1.000000,1,,NSE,10.000000,43517,False
13821,RUCHIRA-EQ,RUCHIRA,,-1.000000,1,,NSE,1.000000,944355,False
13982,JASH-EQ,JASH,,-1.000000,1,,NSE,5.000000,201714,False
1406,HINDPETRO-EQ,HINDPETRO,,-1.000000,1,,NSE,5.000000,255338,True
14008,AVTNPL-EQ,AVTNPL,,-1.000000,1,,NSE,1.000000,1423246,False
14068,SAGCEM-EQ,SAGCEM,,-1.000000,1,,NSE,1.000000,570930,False
14139,SBGLP-EQ,SBGLP,,-1.000000,1,,NSE,1.000000,3892505,False
14260,PGIL-EQ,PGIL,,-1.000000,1,,NSE,10.000000,40314,False
14314,TTL-EQ,TTL,,-1.000000,1,,NSE,1.000000,8446767,False
14319,TFL-EQ,TFL,,-1.000000,1,,NSE,1.000000,1802299,False
14418,ASTRAL-EQ,ASTRAL,,-1.000000,1,,NSE,10.000000,68237,True
1448,HLVLTD-EQ,HLVLTD,,-1.000000,1,,NSE,1.000000,14005317,False
14459,LEXUS-EQ,LEXUS,,-1.000000,1,,NSE,1.000000,679856,False
14466,KIRLFER-EQ,KIRLFER,,-1.000000,1,,NSE,5.000000,228086,False
14557,AROGRANITE-EQ,AROGRANITE,,-1.000000,1,,NSE,1.000000,500310,False
14567,BFUTILITIE-EQ,BFUTILITIE,,-1.000000,1,,NSE,5.000000,178506,False
14599,GSLSU-EQ,GSLSU,,-1.000000,1,,NSE,1.000000,1385885,False
14672,NAVINFLUOR-EQ,NAVINFLUOR,,-1.000000,1,,NSE,50.000000,11947,False
14712,HGS-EQ,HGS,,-1.000000,1,,NSE,5.000000,245813,False
14745,ADVANIHOTR-EQ,ADVANIHOTR,,-1.000000,1,,NSE,1.000000,1993158,False
14747,011NSETEST-EQ,011NSETEST,,-1.000000,1,,NSE,5.000000,500000,False
14788,SPARC-EQ,SPARC,,-1.000000,1,,NSE,1.000000,494212,False
14858,GOLD1-EQ,GOLD1,,-1.000000,1,,NSE,1.000000,791821,False
1494,RBA-EQ,RBA,,-1.000000,1,,NSE,1.000000,1065443,False
14937,CIEINDIA-EQ,CIEINDIA,,-1.000000,1,,NSE,5.000000,242791,False
15179,ECLERX-EQ,ECLERX,,-1.000000,1,,NSE,10.000000,55207,False
15228,UJJIVANSFB-EQ,UJJIVANSFB,,-1.000000,1,,NSE,1.000000,1381131,False
15234,AMBIKCO-EQ,AMBIKCO,,-1.000000,1,,NSE,10.000000,62980,False
15244,KAVDEFENCE-EQ,KAVDEFENCE,,-1.000000,1,,NSE,1.000000,1706747,False
15295,VIRINCHI-EQ,VIRINCHI,,-1.000000,1,,NSE,1.000000,3585453,False
15308,SEPC-EQ,SEPC,,-1.000000,1,,NSE,1.000000,16582427,False
15355,RECLTD-EQ,RECLTD,,-1.000000,1,,NSE,5.000000,287021,True
15404,ATAM-EQ,ATAM,,-1.000000,1,,NSE,1.000000,374840,False
15409,NESCO-EQ,NESCO,,-1.000000,1,,NSE,10.000000,95755,False
1547,RKEC-EQ,RKEC,,-1.000000,1,,NSE,1.000000,844333,False
15649,ATALREAL-EQ,ATALREAL,,-1.000000,1,,NSE,1.000000,2829542,False
1630,IONEXCHANG-EQ,IONEXCHANG,,-1.000000,1,,NSE,5.000000,265319,False
16658,SIGMA-EQ,SIGMA,,-1.000000,1,,NSE,1.000000,2171532,False
16675,BAJAJFINSV-EQ,BAJAJFINSV,,-1.000000,1,,NSE,10.000000,48016,True
16705,GOKUL-EQ,GOKUL,,-1.000000,1,,NSE,1.000000,2529718,False
16725,RPGLIFE-EQ,RPGLIFE,,-1.000000,1,,NSE,10.000000,38271,False
16783,GVT&D-EQ,GVT&D,,-1.000000,1,,NSE,10.000000,22532,True
16913,ARTEMISMED-EQ,ARTEMISMED,,-1.000000,1,,NSE,5.000000,316137,False
17603,MAHEPC-EQ,MAHEPC,,-1.000000,1,,NSE,1.000000,913989,False
17613,SENSEXADD-EQ,SENSEXADD,,-1.000000,1,,NSE,1.000000,16598,False
17738,YATHARTH-EQ,YATHARTH,,-1.000000,1,,NSE,5.000000,115047,False
17851,DLINKINDIA-EQ,DLINKINDIA,,-1.000000,1,,NSE,5.000000,234758,False
17859,REDTAPE-EQ,REDTAPE,,-1.000000,1,,NSE,1.000000,794384,False
17939,HINDCOPPER-EQ,HINDCOPPER,,-1.000000,1,,NSE,5.000000,181800,False
18029,MBLINFRA-EQ,MBLINFRA,,-1.000000,1,,NSE,1.000000,4069938,False
17903,ABBOTINDIA-EQ,ABBOTINDIA,,-1.000000,1,,NSE,500.000000,3548,False
17927,BAYERCROP-EQ,BAYERCROP,,-1.000000,1,,NSE,10.000000,24268,False
17987,TRF-EQ,TRF,,-1.000000,1,,NSE,1.000000,359844,False
18049,MINDTECK-EQ,MINDTECK,,-1.000000,1,,NSE,1.000000,553542,False
181,ARENTERP-EQ,ARENTERP,,-1.000000,1,,NSE,1.000000,101641,False
18883,SJVN-EQ,SJVN,,-1.000000,1,,NSE,1.000000,1489392,False
19111,NBIFIN-EQ,NBIFIN,,-1.000000,1,,NSE,10.000000,47493,False
19142,UMESLTD-EQ,UMESLTD,,-1.000000,1,,NSE,1.000000,863797,False
193,ARVIND-EQ,ARVIND,,-1.000000,1,,NSE,5.000000,176157,False
19289,MOM50-EQ,MOM50,,-1.000000,1,,NSE,1.000000,107082,False
10159,ORICONENT-EQ,ORICONENT,,-1.000000,1,,NSE,1.000000,1898863,False
19401,BOROLTD-EQ,BOROLTD,,-1.000000,1,,NSE,1.000000,413892,False
10310,AURUM-EQ,AURUM,,-1.000000,1,,NSE,1.000000,442385,False
10343,RADHIKAJWE-EQ,RADHIKAJWE,,-1.000000,1,,NSE,1.000000,1381780,False
10406,STEELCITY-EQ,STEELCITY,,-1.000000,1,,NSE,1.000000,494002,False
19543,HDFCGOLD-EQ,HDFCGOLD,,-1.000000,1,,NSE,1.000000,773498,False
19597,IRMENERGY-EQ,IRMENERGY,,-1.000000,1,,NSE,5.000000,338783,False
1044,BNKETFAXIS-EQ,BNKETFAXIS,,-1.000000,1,,NSE,1.000000,168607,False
10453,SATIN-EQ,SATIN,,-1.000000,1,,NSE,1.000000,447517,False
10485,RAMRAT-EQ,RAMRAT,,-1.000000,1,,NSE,5.000000,210968,False
10515,SENSEXBETA-EQ,SENSEXBETA,,-1.000000,1,,NSE,1.000000,115350,False
10590,LOYALTEX-EQ,LOYALTEX,,-1.000000,1,,NSE,1.000000,157497,False
10599,GUJENERGY-EQ,GUJENERGY,,-1.000000,1,,NSE,5.000000,364453,False
19813,HONASA-EQ,HONASA,,-1.000000,1,,NSE,5.000000,213871,False
10791,NUCLEUS-EQ,NUCLEUS,,-1.000000,1,,NSE,5.000000,144341,False
19931,ORISSAMINE-EQ,ORISSAMINE,,-1.000000,1,,NSE,10.000000,20658,False
10932,RADAAN-EQ,RADAAN,,-1.000000,1,,NSE,1.000000,1771082,False
1994,LIBERTSHOE-EQ,LIBERTSHOE,,-1.000000,1,,NSE,5.000000,415963,False
20110,GREENPOWER-EQ,GREENPOWER,,-1.000000,1,,NSE,1.000000,10482131,False
11072,AGRITECH-EQ,AGRITECH,,-1.000000,1,,NSE,1.000000,194238,False
11195,INDIGO-EQ,INDIGO,,-1.000000,1,,NSE,50.000000,18559,True
20302,PRESTIGE-EQ,PRESTIGE,,-1.000000,1,,NSE,10.000000,62886,True
11236,JSL-EQ,JSL,,-1.000000,1,,NSE,5.000000,135204,False
11265,TVSELECT-EQ,TVSELECT,,-1.000000,1,,NSE,5.000000,220204,False
2031,M&M-EQ,M&M,,-1.000000,1,,NSE,10.000000,28601,True
11309,BALAXI-EQ,BALAXI,,-1.000000,1,,NSE,1.000000,1805285,False
11351,PETRONET-EQ,PETRONET,,-1.000000,1,,NSE,5.000000,357000,True
20323,RESPONIND-EQ,RESPONIND,,-1.000000,1,,NSE,1.000000,598002,False
11411,RKFORGE-EQ,RKFORGE,,-1.000000,1,,NSE,5.000000,134376,False
2043,RAMCOCEM-EQ,RAMCOCEM,,-1.000000,1,,NSE,5.000000,108930,False
11423,DATAMATICS-EQ,DATAMATICS,,-1.000000,1,,NSE,5.000000,115848,False
1145,GIPCL-EQ,GIPCL,,-1.000000,1,,NSE,1.000000,574454,False
2049,CHENNPETRO-EQ,CHENNPETRO,,-1.000000,1,,NSE,10.000000,72370,False
11532,ULTRACEMCO-EQ,ULTRACEMCO,,-1.000000,1,,NSE,100.000000,8251,True
20531,BAJEL-EQ,BAJEL,,-1.000000,1,,NSE,1.000000,518669,False
11593,HDFCSENSEX-EQ,HDFCSENSEX,,-1.000000,1,,NSE,1.000000,1126935,False
11627,NARMADA-EQ,NARMADA,,-1.000000,1,,NSE,1.000000,2481040,False
11640,BOHRAIND-EQ,BOHRAIND,,-1.000000,1,,NSE,1.000000,692329,False
11654,LALPATHLAB-EQ,LALPATHLAB,,-1.000000,1,,NSE,10.000000,51129,False
20642,JINDWORLD-EQ,JINDWORLD,,-1.000000,1,,NSE,1.000000,2721061,False
11703,ALKEM-EQ,ALKEM,,-1.000000,1,,NSE,50.000000,18173,True
11778,GOKEX-EQ,GOKEX,,-1.000000,1,,NSE,5.000000,131159,False
11840,NH-EQ,NH,,-1.000000,1,,NSE,10.000000,54564,False
11852,SURYALAXMI-EQ,SURYALAXMI,,-1.000000,1,,NSE,1.000000,614932,False
11880,JSWHL-EQ,JSWHL,,-1.000000,1,,NSE,100.000000,8635,False
11915,YESBANK-EQ,YESBANK,,-1.000000,1,,NSE,1.000000,4331252,True
11935,SPLIL-EQ,SPLIL,,-1.000000,1,,NSE,1.000000,948300,False
20830,MOIL-EQ,MOIL,,-1.000000,1,,NSE,5.000000,356302,False
20878,MUFTI-EQ,MUFTI,,-1.000000,1,,NSE,1.000000,1248896,False
12101,HDFCNIFIT-EQ,HDFCNIFIT,,-1.000000,1,,NSE,1.000000,1365116,False
2106,MANGLMCEM-EQ,MANGLMCEM,,-1.000000,1,,NSE,5.000000,110649,False
21095,SHEKHAWATI-EQ,SHEKHAWATI,,-1.000000,1,,NSE,1.000000,1127169,False
21113,BFINVEST-EQ,BFINVEST,,-1.000000,1,,NSE,5.000000,218811,False
21131,TEJASNET-EQ,TEJASNET,,-1.000000,1,,NSE,5.000000,189589,False
2124,MASTEK-EQ,MASTEK,,-1.000000,1,,NSE,10.000000,54964,False
21252,NIFTYAXIS-EQ,NIFTYAXIS,,-1.000000,1,,NSE,1.000000,368896,False
12749,DJML-EQ,DJML,,-1.000000,1,,NSE,1.000000,965433,False
21484,STEL-EQ,STEL,,-1.000000,1,,NSE,5.000000,185532,False
21623,APEX-EQ,APEX,,-1.000000,1,,NSE,5.000000,272656,False
13091,EKC-EQ,EKC,,-1.000000,1,,NSE,1.000000,891265,False
1315,GALAXYSURF-EQ,GALAXYSURF,,-1.000000,1,,NSE,10.000000,49423,False
13101,VIMTALABS-EQ,VIMTALABS,,-1.000000,1,,NSE,5.000000,159424,False
13162,CELEBRITY-EQ,CELEBRITY,,-1.000000,1,,NSE,1.000000,2110730,False
21794,DAVANGERE-EQ,DAVANGERE,,-1.000000,1,,NSE,1.000000,32362121,False
21828,TEXRAIL-EQ,TEXRAIL,,-1.000000,1,,NSE,1.000000,927651,False
21840,DIAMONDYD-EQ,DIAMONDYD,,-1.000000,1,,NSE,10.000000,83830,False
1336,HEG-EQ,HEG,,-1.000000,1,,NSE,5.000000,148206,False
13288,AFSL-EQ,AFSL,,-1.000000,1,,NSE,1.000000,467649,False
13305,CENTURYPLY-EQ,CENTURYPLY,,-1.000000,1,,NSE,5.000000,130859,False
2188,GENCON-EQ,GENCON,,-1.000000,1,,NSE,1.000000,1863449,False
21951,HFCL-EQ,HFCL,,-1.000000,1,,NSE,1.000000,449997,False
13491,JKLAKSHMI-EQ,JKLAKSHMI,,-1.000000,1,,NSE,5.000000,181995,False
13496,PFOCUS-EQ,PFOCUS,,-1.000000,1,,NSE,5.000000,372475,False
13528,GMRAIRPORT-EQ,GMRAIRPORT,,-1.000000,1,,NSE,1.000000,950307,True
13689,AERONEU-EQ,AERONEU,,-1.000000,1,,NSE,1.000000,843529,False
13710,FIEMIND-EQ,FIEMIND,,-1.000000,1,,NSE,10.000000,37768,False
13751,NAUKRI-EQ,NAUKRI,,-1.000000,1,,NSE,10.000000,74568,True
13868,AARTIPHARM-EQ,AARTIPHARM,,-1.000000,1,,NSE,5.000000,112506,False
22233,DHUNINV-EQ,DHUNINV,,-1.000000,1,,NSE,5.000000,103176,False
22360,MCL-EQ,MCL,,-1.000000,1,,NSE,1.000000,887569,False
22423,TOTAL-EQ,TOTAL,,-1.000000,1,,NSE,1.000000,527352,False
14203,HUBTOWN-EQ,HUBTOWN,,-1.000000,1,,NSE,1.000000,561155,False
14278,ORIENTBELL-EQ,ORIENTBELL,,-1.000000,1,,NSE,5.000000,276277,False
14339,GANESHHOU-EQ,GANESHHOU,,-1.000000,1,,NSE,5.000000,130584,False
14366,IDEA-EQ,IDEA,,-1.000000,1,,NSE,1.000000,7367326,True
22602,PFS-EQ,PFS,,-1.000000,1,,NSE,1.000000,3468330,False
14385,POCL-EQ,POCL,,-1.000000,1,,NSE,5.000000,204196,False
14398,AMDIND-EQ,AMDIND,,-1.000000,1,,NSE,1.000000,626752,False
14403,RAJTV-EQ,RAJTV,,-1.000000,1,,NSE,1.000000,1697566,False
22730,VSTL-EQ,VSTL,,-1.000000,1,,NSE,1.000000,620071,False
22739,MON100-EQ,MON100,,-1.000000,1,,NSE,1.000000,362977,False
14485,THEMISMED-EQ,THEMISMED,,-1.000000,1,,NSE,1.000000,920448,False
14440,NAHARSPING-EQ,NAHARSPING,,-1.000000,1,,NSE,5.000000,327256,False
2275,IRISDOREME-EQ,IRISDOREME,,-1.000000,1,,NSE,1.000000,1759614,False
14753,031NSETEST-EQ,031NSETEST,,-1.000000,1,,NSE,5.000000,500000,False
14751,021NSETEST-EQ,021NSETEST,,-1.000000,1,,NSE,5.000000,500000,False
14764,071NSETEST-EQ,071NSETEST,,-1.000000,1,,NSE,5.000000,500000,False
14766,V2RETAIL-EQ,V2RETAIL,,-1.000000,1,,NSE,1.000000,454703,False
14771,TARMAT-EQ,TARMAT,,-1.000000,1,,NSE,1.000000,819601,False
14777,121NSETEST-EQ,121NSETEST,,-1.000000,1,,NSE,5.000000,500000,False
23127,SCILAL-EQ,SCILAL,,-1.000000,1,,NSE,1.000000,2462679,False
14828,WSI-EQ,WSI,,-1.000000,1,,NSE,1.000000,1695197,False
14890,AKI-EQ,AKI,,-1.000000,1,,NSE,1.000000,3374834,False
14900,SAHYADRI-EQ,SAHYADRI,,-1.000000,1,,NSE,5.000000,288347,False
14924,LAL-EQ,LAL,,-1.000000,1,,NSE,1.000000,5648485,False
14977,POWERGRID-EQ,POWERGRID,,-1.000000,1,,NSE,5.000000,372024,True
15085,SILVERBETA-EQ,SILVERBETA,,-1.000000,1,,NSE,1.000000,444210,False
1515,INDIACEM-EQ,INDIACEM,,-1.000000,1,,NSE,5.000000,259383,False
23489,BHARTIHEXA-EQ,BHARTIHEXA,,-1.000000,1,,NSE,10.000000,67000,False
23590,GLOSTERLTD-EQ,GLOSTERLTD,,-1.000000,1,,NSE,5.000000,156018,False
23607,BALUFORGE-EQ,BALUFORGE,,-1.000000,1,,NSE,5.000000,215906,False
23621,JNKINDIA-EQ,JNKINDIA,,-1.000000,1,,NSE,5.000000,245525,False
23650,MUTHOOTFIN-EQ,MUTHOOTFIN,,-1.000000,1,,NSE,10.000000,34526,True
15356,GOLDADD-EQ,GOLDADD,,-1.000000,1,,NSE,1.000000,680445,False
15399,EIHAHOTELS-EQ,EIHAHOTELS,,-1.000000,1,,NSE,5.000000,341426,False
16589,VAISHALI-EQ,VAISHALI,,-1.000000,1,,NSE,1.000000,4266111,False
24077,MID150CASE-EQ,MID150CASE,,-1.000000,1,,NSE,1.000000,7387391,False
24217,IVZINNIFTY-EQ,IVZINNIFTY,,-1.000000,1,,NSE,1.000000,109438,False
16807,LOTUSEYE-EQ,LOTUSEYE,,-1.000000,1,,NSE,1.000000,680039,False
245,ADL-EQ,ADL,,-1.000000,1,,NSE,1.000000,182016,False
24461,EVINDIA-EQ,EVINDIA,,-1.000000,1,,NSE,1.000000,1765707,False
16943,ASHOKAMET-EQ,ASHOKAMET,,-1.000000,1,,NSE,1.000000,817369,False
1708,JAYBARMARU-EQ,JAYBARMARU,,-1.000000,1,,NSE,1.000000,764461,False
17053,HMAAGRO-EQ,HMAAGRO,,-1.000000,1,,NSE,1.000000,4587051,False
17094,CROMPTON-EQ,CROMPTON,,-1.000000,1,,NSE,5.000000,403090,True
24932,GLOBALE-EQ,GLOBALE,,-1.000000,1,,NSE,1.000000,347282,False
24948,LTF-EQ,LTF,,-1.000000,1,,NSE,5.000000,313188,True
25,ADANIENT-EQ,ADANIENT,,-1.000000,1,,NSE,10.000000,32522,True
1720,JAYSREETEA-EQ,JAYSREETEA,,-1.000000,1,,NSE,1.000000,944293,False
24999,IBULLSLTD-EQ,IBULLSLTD,,-1.000000,1,,NSE,1.000000,3642306,False
2513,BCLIND-EQ,BCLIND,,-1.000000,1,,NSE,1.000000,2667981,False
17279,BLS-EQ,BLS,,-1.000000,1,,NSE,1.000000,380036,False
17357,GKWLIMITED-EQ,GKWLIMITED,,-1.000000,1,,NSE,10.000000,61037,False
25171,TOP10ADD-EQ,TOP10ADD,,-1.000000,1,,NSE,1.000000,1121768,False
17616,PSUBANKADD-EQ,PSUBANKADD,,-1.000000,1,,NSE,1.000000,1144146,False
17598,ASALCBR-EQ,ASALCBR,,-1.000000,1,,NSE,5.000000,138265,False
17635,ZYDUSWELL-EQ,ZYDUSWELL,,-1.000000,1,,NSE,5.000000,196941,False
25468,PAISALO-EQ,PAISALO,,-1.000000,1,,NSE,1.000000,1454325,False
17700,LTGILTBEES-EQ,LTGILTBEES,,-1.000000,1,,NSE,1.000000,3328406,False
17747,NIITMTS-EQ,NIITMTS,,-1.000000,1,,NSE,1.000000,410260,False
17752,SHILPAMED-EQ,SHILPAMED,,-1.000000,1,,NSE,5.000000,123998,False
17758,SARDAEN-EQ,SARDAEN,,-1.000000,1,,NSE,5.000000,204028,False
17795,TREL-EQ,TREL,,-1.000000,1,,NSE,1.000000,3633591,False
17875,GODREJPROP-EQ,GODREJPROP,,-1.000000,1,,NSE,10.000000,49401,True
25643,KRN-EQ,KRN,,-1.000000,1,,NSE,10.000000,75015,False
17999,UNITEDTEA-EQ,UNITEDTEA,,-1.000000,1,,NSE,5.000000,163387,False
18026,SBFC-EQ,SBFC,,-1.000000,1,,NSE,1.000000,1063014,False
18039,ADVENZYMES-EQ,ADVENZYMES,,-1.000000,1,,NSE,5.000000,331449,False
25780,APLAPOLLO-EQ,APLAPOLLO,,-1.000000,1,,NSE,10.000000,49978,True
25786,KANANIIND-EQ,KANANIIND,,-1.000000,1,,NSE,1.000000,6470283,False
17704,QUESS-EQ,QUESS,,-1.000000,1,,NSE,5.000000,299167,False
17722,DEN-EQ,DEN,,-1.000000,1,,NSE,1.000000,3704688,False
25835,VINCOFE-EQ,VINCOFE,,-1.000000,1,,NSE,1.000000,682841,False
25851,VAL30IETF-EQ,VAL30IETF,,-1.000000,1,,NSE,1.000000,1014575,False
1805,KABRAEXTRU-EQ,KABRAEXTRU,,-1.000000,1,,NSE,5.000000,202038,False
18011,WHIRLPOOL-EQ,WHIRLPOOL,,-1.000000,1,,NSE,5.000000,126491,False
18086,DBL-EQ,DBL,,-1.000000,1,,NSE,5.000000,240905,False
263,ATUL-EQ,ATUL,,-1.000000,1,,NSE,50.000000,14485,False
2606,LEMONTREE-EQ,LEMONTREE,,-1.000000,1,,NSE,1.000000,915836,False
2636,DIVOPPBEES-EQ,DIVOPPBEES,,-1.000000,1,,NSE,1.000000,298798,False
2645,DRCSYSTEMS-EQ,DRCSYSTEMS,,-1.000000,1,,NSE,1.000000,4711459,False
18102,NIFTY1-EQ,NIFTY1,,-1.000000,1,,NSE,1.000000,367905,False
18220,KECL-EQ,KECL,,-1.000000,1,,NSE,1.000000,687186,False
2649,PCBL-EQ,PCBL,,-1.000000,1,,NSE,5.000000,315950,False
18365,PERSISTENT-EQ,PERSISTENT,,-1.000000,1,,NSE,50.000000,18141,True
184,TCPLPACK-EQ,TCPLPACK,,-1.000000,1,,NSE,10.000000,22750,False
18391,RBLBANK-EQ,RBLBANK,,-1.000000,1,,NSE,5.000000,255512,True
18422,ASIANHOTNR-EQ,ASIANHOTNR,,-1.000000,1,,NSE,5.000000,328830,False
27171,RACLGEAR-EQ,RACLGEAR,,-1.000000,1,,NSE,10.000000,70846,False
18581,KIRLOSBROS-EQ,KIRLOSBROS,,-1.000000,1,,NSE,10.000000,52330,False
28046,MOBIKWIK-EQ,MOBIKWIK,,-1.000000,1,,NSE,1.000000,483010,False
2837,RANASUG-EQ,RANASUG,,-1.000000,1,,NSE,1.000000,5021667,False
18908,PNBHOUSING-EQ,PNBHOUSING,,-1.000000,1,,NSE,10.000000,86255,True
28687,MAMATA-EQ,MAMATA,,-1.000000,1,,NSE,5.000000,234709,False
18921,VBL-EQ,VBL,,-1.000000,1,,NSE,5.000000,226613,True
18962,RAJRATAN-EQ,RAJRATAN,,-1.000000,1,,NSE,5.000000,192828,False
28847,VENTIVE-EQ,VENTIVE,,-1.000000,1,,NSE,5.000000,168850,False
18967,KAPSTON-EQ,KAPSTON,,-1.000000,1,,NSE,5.000000,172946,False
28859,PROZONER-EQ,PROZONER,,-1.000000,1,,NSE,1.000000,2382588,False
28899,KITEX-EQ,KITEX,,-1.000000,1,,NSE,1.000000,742738,False
28906,MAYURUNIQ-EQ,MAYURUNIQ,,-1.000000,1,,NSE,5.000000,133182,False
28913,ROSSELLIND-EQ,ROSSELLIND,,-1.000000,1,,NSE,1.000000,1755295,False
19205,HEADSUP-EQ,HEADSUP,,-1.000000,1,,NSE,1.000000,722101,False
19218,VALIANTLAB-EQ,VALIANTLAB,,-1.000000,1,,NSE,1.000000,1337608,False
28952,DUCON-EQ,DUCON,,-1.000000,1,,NSE,1.000000,10625066,False
19223,TCIEXP-EQ,TCIEXP,,-1.000000,1,,NSE,5.000000,182067,False
19234,LAURUSLABS-EQ,LAURUSLABS,,-1.000000,1,,NSE,10.000000,53985,True
19235,IMFA-EQ,IMFA,,-1.000000,1,,NSE,10.000000,67982,False
29008,TVSHLTD-EQ,TVSHLTD,,-1.000000,1,,NSE,100.000000,6878,False
1937,KREBSBIO-EQ,KREBSBIO,,-1.000000,1,,NSE,1.000000,705031,False
29050,ZUARI-EQ,ZUARI,,-1.000000,1,,NSE,1.000000,455656,False
29075,SETL-EQ,SETL,,-1.000000,1,,NSE,5.000000,333151,False
19525,IITL-EQ,IITL,,-1.000000,1,,NSE,1.000000,681739,False
19686,BLUEJET-EQ,BLUEJET,,-1.000000,1,,NSE,5.000000,170158,False
19705,LIQUIDSBI-EQ,LIQUIDSBI,,-1.000000,1,,NSE,1.000000,15373,False
19761,ADFFOODS-EQ,ADFFOODS,,-1.000000,1,,NSE,5.000000,382105,False
29251,ITCHOTELS-EQ,ITCHOTELS,,-1.000000,1,,NSE,1.000000,593648,False
19876,LGHL-EQ,LGHL,,-1.000000,1,,NSE,1.000000,498871,False
29527,GROWWRAIL-EQ,GROWWRAIL,,-1.000000,1,,NSE,1.000000,1758983,False
19943,DEEPAKNTR-EQ,DEEPAKNTR,,-1.000000,1,,NSE,10.000000,58103,False
29583,NATCAPSUQ-EQ,NATCAPSUQ,,-1.000000,1,,NSE,1.000000,340444,False
20086,CPCAP-EQ,CPCAP,,-1.000000,1,,NSE,1.000000,594909,False
29590,JUBLCPL-EQ,JUBLCPL,,-1.000000,1,,NSE,10.000000,51654,False
2018,LUMAXIND-EQ,LUMAXIND,,-1.000000,1,,NSE,50.000000,16760,False
20160,CANTABIL-EQ,CANTABIL,,-1.000000,1,,NSE,1.000000,437343,False
20196,BEDMUTHA-EQ,BEDMUTHA,,-1.000000,1,,NSE,1.000000,853508,False
29678,BAJAJINDEF-EQ,BAJAJINDEF,,-1.000000,1,,NSE,1.000000,428031,False
20242,OBEROIRLTY-EQ,OBEROIRLTY,,-1.000000,1,,NSE,10.000000,55267,True
29877,VIVIDHA-EQ,VIVIDHA,,-1.000000,1,,NSE,1.000000,9571307,False
2988,SANDESH-EQ,SANDESH,,-1.000000,1,,NSE,5.000000,92521,False
20293,TATATECH-EQ,TATATECH,,-1.000000,1,,NSE,5.000000,118567,False
20425,NACLIND-EQ,NACLIND,,-1.000000,1,,NSE,1.000000,583734,False
20453,APCL-EQ,APCL,,-1.000000,1,,NSE,1.000000,960554,False
30109,SELECTIPO-EQ,SELECTIPO,,-1.000000,1,,NSE,1.000000,153138,False
30125,SAMMAANCAP-EQ,SAMMAANCAP,,-1.000000,1,,NSE,1.000000,621425,False
20547,BBNPPGOLD-EQ,BBNPPGOLD,,-1.000000,1,,NSE,5.000000,683038,False
20556,INDIASHLTR-EQ,INDIASHLTR,,-1.000000,1,,NSE,5.000000,146424,False
3048,SCI-EQ,SCI,,-1.000000,1,,NSE,5.000000,334443,False
312,TIINDIA-EQ,TIINDIA,,-1.000000,1,,NSE,10.000000,35034,True
31138,COMPUSOFT-EQ,COMPUSOFT,,-1.000000,1,,NSE,1.000000,2587393,False
3150,SIEMENS-EQ,SIEMENS,,-1.000000,1,,NSE,10.000000,24572,True
31468,AURUS-EQ,AURUS,,-1.000000,1,,NSE,1.000000,964126,False
3324,SUBROS-EQ,SUBROS,,-1.000000,1,,NSE,5.000000,130862,False
3499,TATASTEEL-EQ,TATASTEEL,,-1.000000,1,,NSE,1.000000,536791,True
3506,TITAN-EQ,TITAN,,-1.000000,1,,NSE,10.000000,19531,True
21001,PSB-EQ,PSB,,-1.000000,1,,NSE,1.000000,4207682,False
3570,UCAL-EQ,UCAL,,-1.000000,1,,NSE,1.000000,723115,False
3672,SOLARA-EQ,SOLARA,,-1.000000,1,,NSE,5.000000,197765,False
3694,VINDHYATEL-EQ,VINDHYATEL,,-1.000000,1,,NSE,10.000000,38716,False
3892,HATSUN-EQ,HATSUN,,-1.000000,1,,NSE,5.000000,105137,False
3906,CAPLIPOINT-EQ,CAPLIPOINT,,-1.000000,1,,NSE,10.000000,40438,False
4067,MARICO-EQ,MARICO,,-1.000000,1,,NSE,5.000000,116853,True
4184,SANGAMIND-EQ,SANGAMIND,,-1.000000,1,,NSE,5.000000,172948,False
436,IFGLEXPOR-EQ,IFGLEXPOR,,-1.000000,1,,NSE,1.000000,469592,False
2176,AKG-EQ,AKG,,-1.000000,1,,NSE,1.000000,1039094,False
4529,NEXT50IETF-EQ,NEXT50IETF,,-1.000000,1,,NSE,1.000000,1268941,False
4668,BANKBARODA-EQ,BANKBARODA,,-1.000000,1,,NSE,1.000000,398194,True
22,ACC-EQ,ACC,,-1.000000,1,,NSE,10.000000,74927,False
4920,HINDCON-EQ,HINDCON,,-1.000000,1,,NSE,1.000000,1673933,False
522,ICICIB22-EQ,ICICIB22,,-1.000000,1,,NSE,1.000000,860840,False
5264,PDSL-EQ,PDSL,,-1.000000,1,,NSE,5.000000,263506,False
5279,ROLEXRINGS-EQ,ROLEXRINGS,,-1.000000,1,,NSE,1.000000,577890,False
530,BPL-EQ,BPL,,-1.000000,1,,NSE,1.000000,1601507,False
5426,NUVOCO-EQ,NUVOCO,,-1.000000,1,,NSE,5.000000,299296,False
5610,ASTRAZEN-EQ,ASTRAZEN,,-1.000000,1,,NSE,50.000000,12625,False
5622,CEMPRO-EQ,CEMPRO,,-1.000000,1,,NSE,10.000000,79194,False
5631,PAR-EQ,PAR,,-1.000000,1,,NSE,1.000000,402361,False
5650,SHANTI-EQ,SHANTI,,-1.000000,1,,NSE,1.000000,363166,False
6216,CAMLINFINE-EQ,CAMLINFINE,,-1.000000,1,,NSE,1.000000,926289,False
6232,3IINFOLTD-EQ,3IINFOLTD,,-1.000000,1,,NSE,1.000000,3640143,False
6353,NIFTYETF-EQ,NIFTYETF,,-1.000000,1,,NSE,1.000000,375186,False
6429,RSSOFTWARE-EQ,RSSOFTWARE,,-1.000000,1,,NSE,1.000000,844680,False
6545,NYKAA-EQ,NYKAA,,-1.000000,1,,NSE,5.000000,303565,True
6579,FINOPB-EQ,FINOPB,,-1.000000,1,,NSE,1.000000,623139,False
6782,NIPPOBATRY-EQ,NIPPOBATRY,,-1.000000,1,,NSE,5.000000,245250,False
6973,DMCC-EQ,DMCC,,-1.000000,1,,NSE,5.000000,334095,False
2263,BANDHANBNK-EQ,BANDHANBNK,,-1.000000,1,,NSE,1.000000,567078,True
7227,MAPMYINDIA-EQ,MAPMYINDIA,,-1.000000,1,,NSE,10.000000,100377,False
7411,NILASPACES-EQ,NILASPACES,,-1.000000,1,,NSE,1.000000,8271279,False
2283,MRPL-EQ,MRPL,,-1.000000,1,,NSE,1.000000,569594,False
22901,GOLDCASE-EQ,GOLDCASE,,-1.000000,1,,NSE,1.000000,4198972,False
23056,JGCHEM-EQ,JGCHEM,,-1.000000,1,,NSE,5.000000,165090,False
23066,GOPAL-EQ,GOPAL,,-1.000000,1,,NSE,5.000000,365647,False
2316,HEIDELBERG-EQ,HEIDELBERG,,-1.000000,1,,NSE,1.000000,644487,False
756324,NPST-EQ,NPST,,-1.000000,1,,NSE,10.000000,65033,False
23446,171NSETEST-EQ,171NSETEST,,-1.000000,1,,NSE,5.000000,500000,False
23806,ABSLPSE-EQ,ABSLPSE,,-1.000000,1,,NSE,1.000000,673653,False
757167,MONEXT50-EQ,MONEXT50,,-1.000000,1,,NSE,1.000000,100716,False
24081,TOP100CASE-EQ,TOP100CASE,,-1.000000,1,,NSE,1.000000,5026905,False
24145,RETAIL-EQ,RETAIL,,-1.000000,1,,NSE,1.000000,268290,False
757614,ARIS-EQ,ARIS,,-1.000000,1,,NSE,1.000000,737731,False
24385,KARMAENG-EQ,KARMAENG,,-1.000000,1,,NSE,1.000000,378336,False
24404,ABGSEC-EQ,ABGSEC,,-1.000000,1,,NSE,1.000000,34469,False
24409,DHANUKA-EQ,DHANUKA,,-1.000000,1,,NSE,10.000000,97369,False
757669,MOALPHA50-EQ,MOALPHA50,,-1.000000,1,,NSE,1.000000,42673,False
2454,CENTRUM-EQ,CENTRUM,,-1.000000,1,,NSE,1.000000,3887817,False
757754,PICCADIL-EQ,PICCADIL,,-1.000000,1,,NSE,5.000000,144408,False
757794,BRIGHOTEL-EQ,BRIGHOTEL,,-1.000000,1,,NSE,1.000000,1683082,False
24735,RPEL-EQ,RPEL,,-1.000000,1,,NSE,10.000000,77516,False
24798,GROWWEV-EQ,GROWWEV,,-1.000000,1,,NSE,1.000000,2938497,False
757845,INDIQUBE-EQ,INDIQUBE,,-1.000000,1,,NSE,1.000000,543985,False
24823,MANCREDIT-EQ,MANCREDIT,,-1.000000,1,,NSE,1.000000,410772,False
757953,EUROBOND-EQ,EUROBOND,,-1.000000,1,,NSE,1.000000,615979,False
24909,INTERARCH-EQ,INTERARCH,,-1.000000,1,,NSE,10.000000,58818,False
757938,BELLACASA-EQ,BELLACASA,,-1.000000,1,,NSE,1.000000,413660,False
25080,MULTICAP-EQ,MULTICAP,,-1.000000,1,,NSE,1.000000,1670572,False
25114,STYLEBAAZA-EQ,STYLEBAAZA,,-1.000000,1,,NSE,5.000000,284590,False
25270,BAJAJHFL-EQ,BAJAJHFL,,-1.000000,1,,NSE,1.000000,1174859,False
758675,EFCIL-EQ,EFCIL,,-1.000000,1,,NSE,1.000000,561603,False
758705,LTGILTCASE-EQ,LTGILTCASE,,-1.000000,1,,NSE,1.000000,1258985,False
25482,TIJARIA-EQ,TIJARIA,,-1.000000,1,,NSE,1.000000,936089,False
25634,ESSARSHPNG-EQ,ESSARSHPNG,,-1.000000,1,,NSE,1.000000,5109825,False
759169,MWL-EQ,MWL,,-1.000000,1,,NSE,1.000000,2404269,False
759239,FINKURVE-EQ,FINKURVE,,-1.000000,1,,NSE,1.000000,1628893,False
759265,TATACAP-EQ,TATACAP,,-1.000000,1,,NSE,5.000000,271671,False
2708,PRAKASH-EQ,PRAKASH,,-1.000000,1,,NSE,1.000000,819478,False
27061,ACMESOLAR-EQ,ACMESOLAR,,-1.000000,1,,NSE,5.000000,267905,False
759302,NIFTYCASE-EQ,NIFTYCASE,,-1.000000,1,,NSE,1.000000,2112047,False
759517,MIDWESTLTD-EQ,MIDWESTLTD,,-1.000000,1,,NSE,10.000000,89859,False
275,AUROPHARMA-EQ,AUROPHARMA,,-1.000000,1,,NSE,10.000000,59839,True
759551,PIRAMALFIN-EQ,PIRAMALFIN,,-1.000000,1,,NSE,10.000000,48055,False
27754,INNOVANA-EQ,INNOVANA,,-1.000000,1,,NSE,5.000000,305478,False
759719,GROWWMC150-EQ,GROWWMC150,,-1.000000,1,,NSE,1.000000,8617,False
2792,EASEMYTRIP-EQ,EASEMYTRIP,,-1.000000,1,,NSE,1.000000,15452479,False
27839,SAILIFE-EQ,SAILIFE,,-1.000000,1,,NSE,10.000000,68301,False
759885,CHEMICAL-EQ,CHEMICAL,,-1.000000,1,,NSE,1.000000,1160974,False
2816,RALLIS-EQ,RALLIS,,-1.000000,1,,NSE,1.000000,477421,False
2841,LXCHEM-EQ,LXCHEM,,-1.000000,1,,NSE,1.000000,578263,False
760039,SUDEEPPHRM-EQ,SUDEEPPHRM,,-1.000000,1,,NSE,5.000000,90584,False
28960,UNIMECH-EQ,UNIMECH,,-1.000000,1,,NSE,10.000000,70487,False
28969,CONSUMER-EQ,CONSUMER,,-1.000000,1,,NSE,1.000000,1725482,False
760234,AEQUS-EQ,AEQUS,,-1.000000,1,,NSE,1.000000,421848,False
760346,NEPHROPLUS-EQ,NEPHROPLUS,,-1.000000,1,,NSE,5.000000,147199,False
29492,ORCHASP-EQ,ORCHASP,,-1.000000,1,,NSE,1.000000,11328109,False
2963,SAIL-EQ,SAIL,,-1.000000,1,,NSE,1.000000,574143,True
29577,NIF100BEES-EQ,NIF100BEES,,-1.000000,1,,NSE,1.000000,367520,False
2969,SAKHTISUG-EQ,SAKHTISUG,,-1.000000,1,,NSE,1.000000,3886363,False
760740,AMAGI-EQ,AMAGI,,-1.000000,1,,NSE,5.000000,156413,False
29975,AONETOTAL-EQ,AONETOTAL,,-1.000000,1,,NSE,1.000000,1194999,False
760865,OMNI-EQ,OMNI,,-1.000000,1,,NSE,5.000000,174369,False
30121,EQUAL200-EQ,EQUAL200,,-1.000000,1,,NSE,1.000000,468134,False
3024,JINDALSAW-EQ,JINDALSAW,,-1.000000,1,,NSE,5.000000,370914,False
760986,HEALTHCARE-EQ,HEALTHCARE,,-1.000000,1,,NSE,1.000000,211447,False
761030,INFRA-EQ,INFRA,,-1.000000,1,,NSE,1.000000,297349,False
30274,SILVERCASE-EQ,SILVERCASE,,-1.000000,1,,NSE,1.000000,4228128,False
761056,BONLON-EQ,BONLON,,-1.000000,1,,NSE,1.000000,535735,False
761153,SEDEMAC-EQ,SEDEMAC,,-1.000000,1,,NSE,10.000000,32767,False
761270,ALGOQUANT-EQ,ALGOQUANT,,-1.000000,1,,NSE,1.000000,1486154,False
31258,NDL-EQ,NDL,,-1.000000,1,,NSE,1.000000,42733869,False
31507,JPOLYINVST-EQ,JPOLYINVST,,-1.000000,1,,NSE,10.000000,95563,False
3396,TAINWALCHM-EQ,TAINWALCHM,,-1.000000,1,,NSE,1.000000,306198,False
3482,CLSEL-EQ,CLSEL,,-1.000000,1,,NSE,5.000000,352504,False
3509,TNPETRO-EQ,TNPETRO,,-1.000000,1,,NSE,1.000000,936513,False
3456,TMPV-EQ,TMPV,,-1.000000,1,,NSE,5.000000,290943,True
3518,TORNTPHARM-EQ,TORNTPHARM,,-1.000000,1,,NSE,50.000000,20159,True
3608,HEALTHAXIS-EQ,HEALTHAXIS,,-1.000000,1,,NSE,1.000000,50834,False
761821,AARNAV-EQ,AARNAV,,-1.000000,1,,NSE,1.000000,1381203,False
761916,VOEPL-EQ,VOEPL,,-1.000000,1,,NSE,5.000000,192781,False
762523,ABANSENT-EQ,ABANSENT,,-1.000000,1,,NSE,1.000000,2280788,False
762578,BENGALASM-EQ,BENGALASM,,-1.000000,1,,NSE,50.000000,16102,False
368,BASF-EQ,BASF,,-1.000000,1,,NSE,10.000000,25019,False
3646,VARDMNPOLY-EQ,VARDMNPOLY,,-1.000000,1,,NSE,1.000000,15673966,False
3693,GAYAHWS-EQ,GAYAHWS,,-1.000000,1,,NSE,1.000000,7836617,False
3724,VSTIND-EQ,VSTIND,,-1.000000,1,,NSE,1.000000,458285,False
762623,COCKERILL-EQ,COCKERILL,,-1.000000,1,,NSE,50.000000,10315,False
762633,DAICHI-EQ,DAICHI,,-1.000000,1,,NSE,5.000000,243655,False
762638,DECNGOLD-EQ,DECNGOLD,,-1.000000,1,,NSE,1.000000,453788,False
3727,ANMOL-EQ,ANMOL,,-1.000000,1,,NSE,1.000000,1861092,False
762767,MADHAVIPL-EQ,MADHAVIPL,,-1.000000,1,,NSE,1.000000,8815317,False
762859,RAJPALAYAM-EQ,RAJPALAYAM,,-1.000000,1,,NSE,5.000000,119309,False
3918,NATCOPHARM-EQ,NATCOPHARM,,-1.000000,1,,NSE,5.000000,109077,False
4105,SILINV-EQ,SILINV,,-1.000000,1,,NSE,5.000000,235651,False
4127,SAMBHAAV-EQ,SAMBHAAV,,-1.000000,1,,NSE,1.000000,6249324,False
4130,REGENCERAM-EQ,REGENCERAM,,-1.000000,1,,NSE,1.000000,864639,False
4160,NORBTEAEXP-EQ,NORBTEAEXP,,-1.000000,1,,NSE,1.000000,508292,False
763299,GRADIENTE-EQ,GRADIENTE,,-1.000000,1,,NSE,1.000000,10869480,False
4229,ZFSTEERING-EQ,ZFSTEERING,,-1.000000,1,,NSE,5.000000,149854,False
4394,MIRZAINT-EQ,MIRZAINT,,-1.000000,1,,NSE,1.000000,3109404,False
763543,SBISMLETF-EQ,SBISMLETF,,-1.000000,1,,NSE,1.000000,149617,False
4471,ELPROINTL-EQ,ELPROINTL,,-1.000000,1,,NSE,1.000000,573008,False
4491,BOSCH-HCIL-EQ,BOSCH-HCIL,,-1.000000,1,,NSE,10.000000,58324,False
4522,SIGIND-EQ,SIGIND,,-1.000000,1,,NSE,1.000000,962589,False
474,3MINDIA-EQ,3MINDIA,,-1.000000,1,,NSE,500.000000,2782,False
4681,BLUECHIP-EQ,BLUECHIP,,-1.000000,1,,NSE,1.000000,1808451,False
4822,DODLA-EQ,DODLA,,-1.000000,1,,NSE,10.000000,95800,False
4838,LIQUIDIETF-EQ,LIQUIDIETF,,-1.000000,1,,NSE,1.000000,99994,False
4911,MADRASFERT-EQ,MADRASFERT,,-1.000000,1,,NSE,1.000000,1526918,False
4973,PHARMABEES-EQ,PHARMABEES,,-1.000000,1,,NSE,1.000000,3634636,False
764195,PVTBANK-EQ,PVTBANK,,-1.000000,1,,NSE,1.000000,194851,False
5162,TATVA-EQ,TATVA,,-1.000000,1,,NSE,10.000000,57731,False
5200,GRAUWEIL-EQ,GRAUWEIL,,-1.000000,1,,NSE,1.000000,1489910,False
764301,INDOMIM-EQ,INDOMIM,,-1.000000,1,,NSE,5.000000,121147,False
5407,CARTRADE-EQ,CARTRADE,,-1.000000,1,,NSE,10.000000,36833,False
5748,CYIENT-EQ,CYIENT,,-1.000000,1,,NSE,5.000000,118921,False
5900,AXISBANK-EQ,AXISBANK,,-1.000000,1,,NSE,10.000000,80870,True
7838,NETF-EQ,NETF,,-1.000000,1,,NSE,1.000000,375132,False
592,GRAPHITE-EQ,GRAPHITE,,-1.000000,1,,NSE,5.000000,137544,False
7862,GVPIL-EQ,GVPIL,,-1.000000,1,,NSE,5.000000,125917,False
6278,MEDICAMEQ-EQ,MEDICAMEQ,,-1.000000,1,,NSE,1.000000,418439,False
6364,NATIONALUM-EQ,NATIONALUM,,-1.000000,1,,NSE,5.000000,236925,True
6445,TECHNOE-EQ,TECHNOE,,-1.000000,1,,NSE,5.000000,101645,False
6489,IRIS-EQ,IRIS,,-1.000000,1,,NSE,1.000000,398180,False
6568,LAXMICOT-EQ,LAXMICOT,,-1.000000,1,,NSE,1.000000,560728,False
6600,GENUSPAPER-EQ,GENUSPAPER,,-1.000000,1,,NSE,1.000000,8408018,False
7145,ANANDRATHI-EQ,ANANDRATHI,,-1.000000,1,,NSE,10.000000,45661,False
7242,METROBRAND-EQ,METROBRAND,,-1.000000,1,,NSE,10.000000,106571,False
7254,MEDPLUS-EQ,MEDPLUS,,-1.000000,1,,NSE,5.000000,148128,False
7420,MANAKALUCO-EQ,MANAKALUCO,,-1.000000,1,,NSE,1.000000,2142963,False
7979,MAKEINDIA-EQ,MAKEINDIA,,-1.000000,1,,NSE,1.000000,509964,False
8080,SILVERBEES-EQ,SILVERBEES,,-1.000000,1,,NSE,1.000000,448137,False
750368,VOGL-EQ,VOGL,,-1.000000,1,,NSE,1.000000,2600408,False
750518,VEDPOWER-EQ,VEDPOWER,,-1.000000,1,,NSE,1.000000,2717719,False
8124,AJANTPHARM-EQ,AJANTPHARM,,-1.000000,1,,NSE,10.000000,28235,False
8159,FIBERWEB-EQ,FIBERWEB,,-1.000000,1,,NSE,1.000000,941488,False
8479,TVSMOTOR-EQ,TVSMOTOR,,-1.000000,1,,NSE,10.000000,22804,True
9014,ANUP-EQ,ANUP,,-1.000000,1,,NSE,10.000000,53463,False
756843,ABLBL-EQ,ABLBL,,-1.000000,1,,NSE,1.000000,1107013,False
916,EIDPARRY-EQ,EIDPARRY,,-1.000000,1,,NSE,5.000000,129352,False
9590,POLYCAB-EQ,POLYCAB,,-1.000000,1,,NSE,50.000000,10695,True
9592,VENUSPIPES-EQ,VENUSPIPES,,-1.000000,1,,NSE,10.000000,63929,False
757031,MOINFRA-EQ,MOINFRA,,-1.000000,1,,NSE,1.000000,16546,False
9750,ETHOSLTD-EQ,ETHOSLTD,,-1.000000,1,,NSE,10.000000,35828,False
757099,MOMGF-EQ,MOMGF,,-1.000000,1,,NSE,1.000000,3270,False
9902,AXITA-EQ,AXITA,,-1.000000,1,,NSE,1.000000,12515203,False
9917,NEOGEN-EQ,NEOGEN,,-1.000000,1,,NSE,10.000000,48356,False
9921,ALANKIT-EQ,ALANKIT,,-1.000000,1,,NSE,1.000000,8866869,False
757791,MOGOLD-EQ,MOGOLD,,-1.000000,1,,NSE,5.000000,668615,False
757817,MOMIDMTM-EQ,MOMIDMTM,,-1.000000,1,,NSE,1.000000,258984,False
757862,EBGNG-EQ,EBGNG,,-1.000000,1,,NSE,5.000000,174095,False
758941,CPEDU-EQ,CPEDU,,-1.000000,1,,NSE,1.000000,468304,False
758986,GCSL-EQ,GCSL,,-1.000000,1,,NSE,5.000000,199121,False
759152,VMSTMT-EQ,VMSTMT,,-1.000000,1,,NSE,1.000000,1622940,False
759210,TRUALT-EQ,TRUALT,,-1.000000,1,,NSE,5.000000,214981,False
759723,PWL-EQ,PWL,,-1.000000,1,,NSE,1.000000,805197,False
759782,TMCV-EQ,TMCV,,-1.000000,1,,NSE,5.000000,217266,False
759951,JARO-EQ,JARO,,-1.000000,1,,NSE,5.000000,225019,False
759992,AONETMMQ50-EQ,AONETMMQ50,,-1.000000,1,,NSE,1.000000,509101,False
760254,CORONA-EQ,CORONA,,-1.000000,1,,NSE,10.000000,46787,False
760356,MIDCAPADD-EQ,MIDCAPADD,,-1.000000,1,,NSE,1.000000,78521,False
760407,ICICIAMC-EQ,ICICIAMC,,-1.000000,1,,NSE,10.000000,32126,False
760412,DIVIDEND-EQ,DIVIDEND,,-1.000000,1,,NSE,1.000000,134879,False
761514,GROWWPSUBK-EQ,GROWWPSUBK,,-1.000000,1,,NSE,1.000000,23951,False
761581,CMPDI-EQ,CMPDI,,-1.000000,1,,NSE,1.000000,406266,False
762553,ASTAR-EQ,ASTAR,,-1.000000,1,,NSE,5.000000,169896,False
762588,BIMETAL-EQ,BIMETAL,,-1.000000,1,,NSE,5.000000,125077,False
762663,ELITECON-EQ,ELITECON,,-1.000000,1,,NSE,1.000000,5895268,False
762747,KLBRENG-B-EQ,KLBRENG-B,,-1.000000,1,,NSE,5.000000,276891,False
762787,MENNPIS-EQ,MENNPIS,,-1.000000,1,,NSE,1.000000,1386180,False
762834,PML-EQ,PML,,-1.000000,1,,NSE,5.000000,100846,False
762919,SONAL-EQ,SONAL,,-1.000000,1,,NSE,1.000000,481949,False
762961,ULTRAMAR-EQ,ULTRAMAR,,-1.000000,1,,NSE,5.000000,252580,False
763294,KISSHT-EQ,KISSHT,,-1.000000,1,,NSE,5.000000,341515,False
763546,SBIVALETF-EQ,SBIVALETF,,-1.000000,1,,NSE,1.000000,130252,False
763663,MERCURYEV-EQ,MERCURYEV,,-1.000000,1,,NSE,1.000000,2855485,False
763784,AGL-EQ,AGL,,-1.000000,1,,NSE,1.000000,6853922,False
764116,KUSUMGAR-EQ,KUSUMGAR,,-1.000000,1,,NSE,5.000000,162211,False
764186,ALPINETEX-EQ,ALPINETEX,,-1.000000,1,,NSE,1.000000,1250676,False
764288,EMETAL-EQ,EMETAL,,-1.000000,1,,NSE,1.000000,185474,False
764336,HDFCNIMEG-EQ,HDFCNIMEG,,-1.000000,1,,NSE,1.000000,305350,False
7679,MONARCH-EQ,MONARCH,,-1.000000,1,,NSE,5.000000,264657,False
7780,BCONCEPTS-EQ,BCONCEPTS,,-1.000000,1,,NSE,1.000000,408157,False
7929,ZYDUSLIFE-EQ,ZYDUSLIFE,,-1.000000,1,,NSE,10.000000,82511,True
7982,GRWRHITECH-EQ,GRWRHITECH,,-1.000000,1,,NSE,50.000000,14009,False
817,DCW-EQ,DCW,,-1.000000,1,,NSE,1.000000,2175292,False
8163,SPENCERS-EQ,SPENCERS,,-1.000000,1,,NSE,1.000000,2947538,False
8175,SAGARDEEP-EQ,SAGARDEEP,,-1.000000,1,,NSE,1.000000,557776,False
8182,MOMOMENTUM-EQ,MOMOMENTUM,,-1.000000,1,,NSE,1.000000,659558,False
8311,BLUESTARCO-EQ,BLUESTARCO,,-1.000000,1,,NSE,10.000000,67030,True
8736,PNBGILTS-EQ,PNBGILTS,,-1.000000,1,,NSE,1.000000,1243510,False
8797,OBCL-EQ,OBCL,,-1.000000,1,,NSE,1.000000,689407,False
8806,SONAMLTD-EQ,SONAMLTD,,-1.000000,1,,NSE,1.000000,1309046,False
8866,CHOICEIN-EQ,CHOICEIN,,-1.000000,1,,NSE,5.000000,122749,False
9046,AGROPHOS-EQ,AGROPHOS,,-1.000000,1,,NSE,1.000000,662963,False
9168,SNXT50BETA-EQ,SNXT50BETA,,-1.000000,1,,NSE,1.000000,116575,False
9342,PNC-EQ,PNC,,-1.000000,1,,NSE,1.000000,473070,False
9408,RAINBOW-EQ,RAINBOW,,-1.000000,1,,NSE,10.000000,67435,False
9683,KPITTECH-EQ,KPITTECH,,-1.000000,1,,NSE,5.000000,163937,True
9939,ONEPOINT-EQ,ONEPOINT,,-1.000000,1,,NSE,1.000000,1666756,False
18154,HATHWAY-EQ,HATHWAY,,-1.000000,1,,NSE,1.000000,9370933,False
18593,EMSLIMITED-EQ,EMSLIMITED,,-1.000000,1,,NSE,5.000000,261772,False
1879,CARYSIL-EQ,CARYSIL,,-1.000000,1,,NSE,10.000000,84076,False
19084,ITBEES-EQ,ITBEES,,-1.000000,1,,NSE,1.000000,2825912,False
19097,SILLYMONKS-EQ,SILLYMONKS,,-1.000000,1,,NSE,1.000000,452431,False
19184,SFL-EQ,SFL,,-1.000000,1,,NSE,5.000000,144694,False
1922,KOTAKBANK-EQ,KOTAKBANK,,-1.000000,1,,NSE,5.000000,248662,True
1923,WEALTH-EQ,WEALTH,,-1.000000,1,,NSE,5.000000,107093,False
19224,SENSEXETF-EQ,SENSEXETF,,-1.000000,1,,NSE,1.000000,174785,False
19279,THEJO-EQ,THEJO,,-1.000000,1,,NSE,10.000000,47099,False
19277,EMAMIREAL-EQ,EMAMIREAL,,-1.000000,1,,NSE,1.000000,1301731,False
19299,ITDC-EQ,ITDC,,-1.000000,1,,NSE,5.000000,138603,False
19372,SPCENET-EQ,SPCENET,,-1.000000,1,,NSE,1.000000,18564958,False
19599,PRAKASHSTL-EQ,PRAKASHSTL,,-1.000000,1,,NSE,1.000000,5722512,False
19631,PRICOLLTD-EQ,PRICOLLTD,,-1.000000,1,,NSE,5.000000,127609,False
19633,ITETF-EQ,ITETF,,-1.000000,1,,NSE,1.000000,1023665,False
19877,RADIOCITY-EQ,RADIOCITY,,-1.000000,1,,NSE,1.000000,11303919,False
20159,ARIHANTSUP-EQ,ARIHANTSUP,,-1.000000,1,,NSE,5.000000,387519,False
20257,ESILVER-EQ,ESILVER,,-1.000000,1,,NSE,1.000000,429536,False
20413,IOLCP-EQ,IOLCP,,-1.000000,1,,NSE,1.000000,631084,False
20621,PENIND-EQ,PENIND,,-1.000000,1,,NSE,1.000000,626150,False
20534,GRAVITA-EQ,GRAVITA,,-1.000000,1,,NSE,10.000000,55061,False
20776,BHAGYANGR-EQ,BHAGYANGR,,-1.000000,1,,NSE,5.000000,263766,False
20831,MUTHOOTMF-EQ,MUTHOOTMF,,-1.000000,1,,NSE,1.000000,469194,False
2088,MAHSEAMLES-EQ,MAHSEAMLES,,-1.000000,1,,NSE,5.000000,163881,False
21174,CDSL-EQ,CDSL,,-1.000000,1,,NSE,10.000000,74613,True
21392,MAGADSUGAR-EQ,MAGADSUGAR,,-1.000000,1,,NSE,5.000000,192167,False
21401,TATAGOLD-EQ,TATAGOLD,,-1.000000,1,,NSE,1.000000,6799932,False
21406,AVADHSUGAR-EQ,AVADHSUGAR,,-1.000000,1,,NSE,5.000000,159486,False
21690,DIXON-EQ,DIXON,,-1.000000,1,,NSE,100.000000,7208,True
21750,LIQUIDCASE-EQ,LIQUIDCASE,,-1.000000,1,,NSE,1.000000,865754,False
2181,BOSCHLTD-EQ,BOSCHLTD,,-1.000000,1,,NSE,500.000000,2123,True
21959,NIFTYBETF-EQ,NIFTYBETF,,-1.000000,1,,NSE,1.000000,255408,False
220,IEX-EQ,IEX,,-1.000000,1,,NSE,1.000000,793606,True
2229,MODIRUBBER-EQ,MODIRUBBER,,-1.000000,1,,NSE,1.000000,818825,False
22277,WORTHPERI-EQ,WORTHPERI,,-1.000000,1,,NSE,1.000000,515057,False
22428,MAXIND-EQ,MAXIND,,-1.000000,1,,NSE,1.000000,614832,False
22463,EPACK-EQ,EPACK,,-1.000000,1,,NSE,1.000000,471134,False
22566,BLSE-EQ,BLSE,,-1.000000,1,,NSE,5.000000,315726,False
22595,HDFCPSUBK-EQ,HDFCPSUBK,,-1.000000,1,,NSE,1.000000,180255,False
2289,HLEGLAS-EQ,HLEGLAS,,-1.000000,1,,NSE,5.000000,306295,False
2319,NCC-EQ,NCC,,-1.000000,1,,NSE,1.000000,696909,False
23181,MOSMALL250-EQ,MOSMALL250,,-1.000000,1,,NSE,1.000000,4473360,False
23804,BSLGOLDETF-EQ,BSLGOLDETF,,-1.000000,1,,NSE,1.000000,751480,False
24154,DEEDEV-EQ,DEEDEV,,-1.000000,1,,NSE,5.000000,156535,False
24196,VADILALIND-EQ,VADILALIND,,-1.000000,1,,NSE,50.000000,13793,False
24225,RELAXO-EQ,RELAXO,,-1.000000,1,,NSE,5.000000,239727,False
2435,CONSUMBEES-EQ,CONSUMBEES,,-1.000000,1,,NSE,1.000000,479876,False
24366,SBISILVER-EQ,SBISILVER,,-1.000000,1,,NSE,1.000000,437534,False
24386,BANSALWIRE-EQ,BANSALWIRE,,-1.000000,1,,NSE,5.000000,309511,False
24596,RELTD-EQ,RELTD,,-1.000000,1,,NSE,1.000000,597633,False
24851,SUYOG-EQ,SUYOG,,-1.000000,1,,NSE,5.000000,120393,False
24937,MFML-EQ,MFML,,-1.000000,1,,NSE,1.000000,347282,False
25203,BALAJEE-EQ,BALAJEE,,-1.000000,1,,NSE,1.000000,2667366,False
25426,NORTHARC-EQ,NORTHARC,,-1.000000,1,,NSE,5.000000,351830,False
25503,INDOUS-EQ,INDOUS,,-1.000000,1,,NSE,1.000000,655700,False
18131,YASHO-EQ,YASHO,,-1.000000,1,,NSE,10.000000,23728,False
25606,MOMENTUM50-EQ,MOMENTUM50,,-1.000000,1,,NSE,1.000000,1840906,False
18292,IVZINGOLD-EQ,IVZINGOLD,,-1.000000,1,,NSE,5.000000,760429,False
18371,NDGL-EQ,NDGL,,-1.000000,1,,NSE,10.000000,32700,False
18479,ISFT-EQ,ISFT,,-1.000000,1,,NSE,1.000000,533391,False
18520,CUPID-EQ,CUPID,,-1.000000,1,,NSE,1.000000,344233,False
18564,LTTS-EQ,LTTS,,-1.000000,1,,NSE,10.000000,27896,False
18679,HPL-EQ,HPL,,-1.000000,1,,NSE,5.000000,310314,False
27008,HEXATRADEX-EQ,HEXATRADEX,,-1.000000,1,,NSE,1.000000,637634,False
18721,NUVAMA-EQ,NUVAMA,,-1.000000,1,,NSE,10.000000,58760,False
18822,ENDURANCE-EQ,ENDURANCE,,-1.000000,1,,NSE,10.000000,33055,False
2705,PRAJIND-EQ,PRAJIND,,-1.000000,1,,NSE,5.000000,308254,False
27303,SAMPANN-EQ,SAMPANN,,-1.000000,1,,NSE,1.000000,1596087,False
19196,TI-EQ,TI,,-1.000000,1,,NSE,5.000000,188327,False
19233,AARTISURF-EQ,AARTISURF,,-1.000000,1,,NSE,5.000000,163272,False
28125,IKS-EQ,IKS,,-1.000000,1,,NSE,10.000000,55932,False
19458,PLAZACABLE-EQ,PLAZACABLE,,-1.000000,1,,NSE,1.000000,1430692,False
2844,RANEHOLDIN-EQ,RANEHOLDIN,,-1.000000,1,,NSE,10.000000,55497,False
1949,KSB-EQ,KSB,,-1.000000,1,,NSE,5.000000,126874,False
2859,RAYMOND-EQ,RAYMOND,,-1.000000,1,,NSE,5.000000,161507,False
1979,LMW-EQ,LMW,,-1.000000,1,,NSE,100.000000,5694,False
2909,RICOAUTO-EQ,RICOAUTO,,-1.000000,1,,NSE,1.000000,781270,False
19867,AMNPLST-EQ,AMNPLST,,-1.000000,1,,NSE,1.000000,500957,False
29098,DDEVPLSTIK-EQ,DDEVPLSTIK,,-1.000000,1,,NSE,5.000000,343749,False
20092,TASTYBITE-EQ,TASTYBITE,,-1.000000,1,,NSE,50.000000,10518,False
29439,SUPREME-EQ,SUPREME,,-1.000000,1,,NSE,1.000000,1263752,False
29464,NEXT30ADD-EQ,NEXT30ADD,,-1.000000,1,,NSE,1.000000,356160,False
29472,PROTEAN-EQ,PROTEAN,,-1.000000,1,,NSE,5.000000,178997,False
29487,NIBE-EQ,NIBE,,-1.000000,1,,NSE,10.000000,69163,False
20303,GANDHAR-EQ,GANDHAR,,-1.000000,1,,NSE,1.000000,423133,False
20321,SHANKARA-EQ,SHANKARA,,-1.000000,1,,NSE,1.000000,705000,False
2048,INDIGOPNTS-EQ,INDIGOPNTS,,-1.000000,1,,NSE,10.000000,89105,False
2951,S&SPOWER-EQ,S&SPOWER,,-1.000000,1,,NSE,5.000000,314808,False
29598,REPCOHOME-EQ,REPCOHOME,,-1.000000,1,,NSE,5.000000,272329,False
2970,SURYODAY-EQ,SURYODAY,,-1.000000,1,,NSE,1.000000,621476,False
20905,AZAD-EQ,AZAD,,-1.000000,1,,NSE,10.000000,40299,False
20906,A2ZINFRA-EQ,A2ZINFRA,,-1.000000,1,,NSE,1.000000,5804981,False
29962,JUSTDIAL-EQ,JUSTDIAL,,-1.000000,1,,NSE,5.000000,145433,False
3002,WONDERLA-EQ,WONDERLA,,-1.000000,1,,NSE,5.000000,212684,False
21334,JYOTICNC-EQ,JYOTICNC,,-1.000000,1,,NSE,5.000000,121898,False
21399,GANGESSECU-EQ,GANGESSECU,,-1.000000,1,,NSE,1.000000,327120,False
30189,CURAA-EQ,CURAA,,-1.000000,1,,NSE,1.000000,323730,False
21740,CHOLAHLDNG-EQ,CHOLAHLDNG,,-1.000000,1,,NSE,10.000000,64407,False
31163,RHIM-EQ,RHIM,,-1.000000,1,,NSE,5.000000,258952,False
31234,SCHNEIDER-EQ,SCHNEIDER,,-1.000000,1,,NSE,10.000000,69818,False
3186,SKFINDIA-EQ,SKFINDIA,,-1.000000,1,,NSE,10.000000,65455,False
31837,SREEL-EQ,SREEL,,-1.000000,1,,NSE,1.000000,418179,False
3291,STARPAPER-EQ,STARPAPER,,-1.000000,1,,NSE,1.000000,510393,False
3345,SUNDRMFAST-EQ,SUNDRMFAST,,-1.000000,1,,NSE,5.000000,82580,False
3363,SUPREMEIND-EQ,SUPREMEIND,,-1.000000,1,,NSE,10.000000,28835,True
3387,SMLMAH-EQ,SMLMAH,,-1.000000,1,,NSE,50.000000,19334,False
3389,AGARIND-EQ,AGARIND,,-1.000000,1,,NSE,5.000000,197233,False
2202,ONIDA-EQ,ONIDA,,-1.000000,1,,NSE,1.000000,2695086,False
350,BANARISUG-EQ,BANARISUG,,-1.000000,1,,NSE,10.000000,28853,False
3466,TFCILTD-EQ,TFCILTD,,-1.000000,1,,NSE,1.000000,868545,False
3475,THERMAX-EQ,THERMAX,,-1.000000,1,,NSE,10.000000,24427,False
3586,MOKSH-EQ,MOKSH,,-1.000000,1,,NSE,1.000000,2885741,False
3821,ZODIACLOTH-EQ,ZODIACLOTH,,-1.000000,1,,NSE,1.000000,897880,False
393,GLOBE-EQ,GLOBE,,-1.000000,1,,NSE,1.000000,14728694,False
3834,BHARATRAS-EQ,BHARATRAS,,-1.000000,1,,NSE,10.000000,73498,False
3837,TOKYOPLAST-EQ,TOKYOPLAST,,-1.000000,1,,NSE,1.000000,310695,False
3857,VARROC-EQ,VARROC,,-1.000000,1,,NSE,5.000000,119478,False
22365,ITIETF-EQ,ITIETF,,-1.000000,1,,NSE,1.000000,2824714,False
404,BERGEPAINT-EQ,BERGEPAINT,,-1.000000,1,,NSE,5.000000,178398,False
3972,PARASPETRO-EQ,PARASPETRO,,-1.000000,1,,NSE,1.000000,10929026,False
3980,TNPL-EQ,TNPL,,-1.000000,1,,NSE,1.000000,647188,False
438,BHEL-EQ,BHEL,,-1.000000,1,,NSE,5.000000,236780,True
4306,SHRIRAMFIN-EQ,SHRIRAMFIN,,-1.000000,1,,NSE,10.000000,89407,True
445,5PAISA-EQ,5PAISA,,-1.000000,1,,NSE,5.000000,258321,False
22649,PARKHOTELS-EQ,PARKHOTELS,,-1.000000,1,,NSE,1.000000,840907,False
467,HDFCLIFE-EQ,HDFCLIFE,,-1.000000,1,,NSE,5.000000,185583,True
4898,FDC-EQ,FDC,,-1.000000,1,,NSE,5.000000,282638,False
4953,ADROITINFO-EQ,ADROITINFO,,-1.000000,1,,NSE,1.000000,1771594,False
4963,ICICIBANK-EQ,ICICIBANK,,-1.000000,1,,NSE,10.000000,64561,True
22930,PLATIND-EQ,PLATIND,,-1.000000,1,,NSE,1.000000,453294,False
22980,MUKKA-EQ,MUKKA,,-1.000000,1,,NSE,1.000000,4135500,False
5054,GRINFRA-EQ,GRINFRA,,-1.000000,1,,NSE,5.000000,113306,False
5108,KPIGREEN-EQ,KPIGREEN,,-1.000000,1,,NSE,5.000000,296507,False
5114,SGIL-EQ,SGIL,,-1.000000,1,,NSE,5.000000,166620,False
513,BOMDYEING-EQ,BOMDYEING,,-1.000000,1,,NSE,1.000000,860217,False
2328,CPSEETF-EQ,CPSEETF,,-1.000000,1,,NSE,1.000000,1062526,False
5306,FMCGIETF-EQ,FMCGIETF,,-1.000000,1,,NSE,1.000000,1906524,False
5435,APTUS-EQ,APTUS,,-1.000000,1,,NSE,5.000000,392081,False
5578,ACUTAAS-EQ,ACUTAAS,,-1.000000,1,,NSE,10.000000,31684,False
23512,TARACHAND-EQ,TARACHAND,,-1.000000,1,,NSE,1.000000,2095481,False
578,LIKHITHA-EQ,LIKHITHA,,-1.000000,1,,NSE,1.000000,439867,False
583,CANFINHOME-EQ,CANFINHOME,,-1.000000,1,,NSE,5.000000,121570,False
5851,BANKNIFTY1-EQ,BANKNIFTY1,,-1.000000,1,,NSE,1.000000,1674739,False
5938,MONTECARLO-EQ,MONTECARLO,,-1.000000,1,,NSE,5.000000,199815,False
6156,ARTNIRMAN-EQ,ARTNIRMAN,,-1.000000,1,,NSE,1.000000,816061,False
6164,BHAGCHEM-EQ,BHAGCHEM,,-1.000000,1,,NSE,5.000000,356589,False
6198,FCL-EQ,FCL,,-1.000000,1,,NSE,1.000000,2344140,False
6422,MANORG-EQ,MANORG,,-1.000000,1,,NSE,5.000000,222195,False
10415,MUTHOOTCAP-EQ,MUTHOOTCAP,,-1.000000,1,,NSE,1.000000,384855,False
10568,RAMAPHO-EQ,RAMAPHO,,-1.000000,1,,NSE,1.000000,813180,False
10633,HDFCNIF100-EQ,HDFCNIF100,,-1.000000,1,,NSE,1.000000,938071,False
10634,ASAL-EQ,ASAL,,-1.000000,1,,NSE,5.000000,198812,False
23729,AADHARHFC-EQ,AADHARHFC,,-1.000000,1,,NSE,5.000000,198970,False
10717,TEAMGTY-EQ,TEAMGTY,,-1.000000,1,,NSE,1.000000,294075,False
23799,GODIGIT-EQ,GODIGIT,,-1.000000,1,,NSE,5.000000,380000,False
10761,SILVERADD-EQ,SILVERADD,,-1.000000,1,,NSE,1.000000,444682,False
10793,SYRMA-EQ,SYRMA,,-1.000000,1,,NSE,10.000000,67683,False
10859,DREAMFOLKS-EQ,DREAMFOLKS,,-1.000000,1,,NSE,1.000000,1446116,False
10865,GVPTECH-EQ,GVPTECH,,-1.000000,1,,NSE,1.000000,5325573,False
10939,JUNIORBEES-EQ,JUNIORBEES,,-1.000000,1,,NSE,1.000000,123802,False
10940,DIVISLAB-EQ,DIVISLAB,,-1.000000,1,,NSE,50.000000,11415,True
24025,KRONOX-EQ,KRONOX,,-1.000000,1,,NSE,1.000000,574926,False
11006,LIQUIDBEES-EQ,LIQUIDBEES,,-1.000000,1,,NSE,1.000000,99993,False
6643,SJS-EQ,SJS,,-1.000000,1,,NSE,10.000000,41030,False
11162,HARSHA-EQ,HARSHA,,-1.000000,1,,NSE,5.000000,250007,False
11260,HDFCVALUE-EQ,HDFCVALUE,,-1.000000,1,,NSE,1.000000,86203,False
676,EXIDEIND-EQ,EXIDEIND,,-1.000000,1,,NSE,5.000000,203150,False
685,CHOLAFIN-EQ,CHOLAFIN,,-1.000000,1,,NSE,10.000000,52001,True
6848,GREENLAM-EQ,GREENLAM,,-1.000000,1,,NSE,5.000000,402367,False
11325,MUKANDLTD-EQ,MUKANDLTD,,-1.000000,1,,NSE,1.000000,737649,False
11343,AFFLE-EQ,AFFLE,,-1.000000,1,,NSE,10.000000,59697,False
11386,PVTBANIETF-EQ,PVTBANIETF,,-1.000000,1,,NSE,1.000000,3609554,False
6964,GOCOLORS-EQ,GOCOLORS,,-1.000000,1,,NSE,5.000000,309255,False
11399,SALZERELEC-EQ,SALZERELEC,,-1.000000,1,,NSE,5.000000,175766,False
11427,NDTV-EQ,NDTV,,-1.000000,1,,NSE,1.000000,1313843,False
11441,LICNETFSEN-EQ,LICNETFSEN,,-1.000000,1,,NSE,1.000000,113189,False
24265,ESTER-EQ,ESTER,,-1.000000,1,,NSE,1.000000,1038674,False
24308,ABDL-EQ,ABDL,,-1.000000,1,,NSE,5.000000,162791,False
7048,HESTERBIO-EQ,HESTERBIO,,-1.000000,1,,NSE,10.000000,40560,False
2433,NIRLON-EQ,NIRLON,,-1.000000,1,,NSE,5.000000,156805,False
11566,DCI-EQ,DCI,,-1.000000,1,,NSE,5.000000,283916,False
7083,STARHEALTH-EQ,STARHEALTH,,-1.000000,1,,NSE,5.000000,171234,False
7129,ZODIAC-EQ,ZODIAC,,-1.000000,1,,NSE,5.000000,407901,False
2442,NOCIL-EQ,NOCIL,,-1.000000,1,,NSE,1.000000,611812,False
7105,TEGA-EQ,TEGA,,-1.000000,1,,NSE,10.000000,61379,False
714,SHALBY-EQ,SHALBY,,-1.000000,1,,NSE,1.000000,635745,False
24582,SANSTAR-EQ,SANSTAR,,-1.000000,1,,NSE,1.000000,893397,False
11860,JKPAPER-EQ,JKPAPER,,-1.000000,1,,NSE,5.000000,257110,False
722,SBIETFPB-EQ,SBIETFPB,,-1.000000,1,,NSE,1.000000,357044,False
7196,BBETF0432-EQ,BBETF0432,,-1.000000,1,,NSE,1.000000,73657,False
11956,MEDANTA-EQ,MEDANTA,,-1.000000,1,,NSE,10.000000,71518,False
739,COROMANDEL-EQ,COROMANDEL,,-1.000000,1,,NSE,10.000000,48087,False
7361,SETFNIFBK-EQ,SETFNIFBK,,-1.000000,1,,NSE,1.000000,169230,False
7422,MONQ50-EQ,MONQ50,,-1.000000,1,,NSE,1.000000,479873,False
11966,BIKAJI-EQ,BIKAJI,,-1.000000,1,,NSE,5.000000,163981,False
11975,RML-EQ,RML,,-1.000000,1,,NSE,10.000000,90262,False
11987,ICIL-EQ,ICIL,,-1.000000,1,,NSE,5.000000,247171,False
751607,QMSMEDI-EQ,QMSMEDI,,-1.000000,1,,NSE,1.000000,632334,False
24777,OLAELEC-EQ,OLAELEC,,-1.000000,1,,NSE,1.000000,2508597,False
12018,SUZLON-EQ,SUZLON,,-1.000000,1,,NSE,1.000000,2102640,True
7518,TREJHARA-EQ,TREJHARA,,-1.000000,1,,NSE,1.000000,617003,False
754612,SMALLIETF-EQ,SMALLIETF,,-1.000000,1,,NSE,1.000000,162482,False
1232,GRASIM-EQ,GRASIM,,-1.000000,1,,NSE,10.000000,29943,True
25073,RAYMONDLSL-EQ,RAYMONDLSL,,-1.000000,1,,NSE,5.000000,139576,False
25082,TREEHOUSE-EQ,TREEHOUSE,,-1.000000,1,,NSE,1.000000,1383560,False
756802,OSWALPUMPS-EQ,OSWALPUMPS,,-1.000000,1,,NSE,5.000000,331982,False
12603,PRECAM-EQ,PRECAM,,-1.000000,1,,NSE,1.000000,741649,False
25178,TDPOWERSYS-EQ,TDPOWERSYS,,-1.000000,1,,NSE,10.000000,67490,False
25222,SANOFICONR-EQ,SANOFICONR,,-1.000000,1,,NSE,10.000000,22316,False
12716,TEAMLEASE-EQ,TEAMLEASE,,-1.000000,1,,NSE,10.000000,79534,False
1289,GFLLIMITED-EQ,GFLLIMITED,,-1.000000,1,,NSE,1.000000,2087589,False
1313,HARRMALAYA-EQ,HARRMALAYA,,-1.000000,1,,NSE,1.000000,455073,False
13211,JAGRAN-EQ,JAGRAN,,-1.000000,1,,NSE,1.000000,1573422,False
757545,TRAVELFOOD-EQ,TRAVELFOOD,,-1.000000,1,,NSE,10.000000,71896,False
13276,LANDMARK-EQ,LANDMARK,,-1.000000,1,,NSE,5.000000,182445,False
13285,M&MFIN-EQ,M&MFIN,,-1.000000,1,,NSE,5.000000,251584,False
13404,SUNTV-EQ,SUNTV,,-1.000000,1,,NSE,5.000000,208864,False
13409,GPIL-EQ,GPIL,,-1.000000,1,,NSE,1.000000,436167,False
13414,RSYSTEMS-EQ,RSYSTEMS,,-1.000000,1,,NSE,5.000000,416479,False
13423,ELIN-EQ,ELIN,,-1.000000,1,,NSE,1.000000,1022568,False
757767,SAMBHV-EQ,SAMBHV,,-1.000000,1,,NSE,1.000000,844233,False
13430,KELLTONTEC-EQ,KELLTONTEC,,-1.000000,1,,NSE,1.000000,7230396,False
13441,BALPHARMA-EQ,BALPHARMA,,-1.000000,1,,NSE,1.000000,520612,False
1348,HEROMOTOCO-EQ,HEROMOTOCO,,-1.000000,1,,NSE,50.000000,16807,True
13585,ATLANTAA-EQ,ATLANTAA,,-1.000000,1,,NSE,1.000000,2373524,False
13648,TALBROAUTO-EQ,TALBROAUTO,,-1.000000,1,,NSE,5.000000,239566,False
27079,KPEL-EQ,KPEL,,-1.000000,1,,NSE,5.000000,385161,False
13735,GLOBALVECT-EQ,GLOBALVECT,,-1.000000,1,,NSE,1.000000,457800,False
758165,GROWWPOWER-EQ,GROWWPOWER,,-1.000000,1,,NSE,1.000000,7797300,False
27571,ODIGMA-EQ,ODIGMA,,-1.000000,1,,NSE,1.000000,1022151,False
13839,DONEAR-EQ,DONEAR,,-1.000000,1,,NSE,1.000000,1176448,False
13880,BANCOINDIA-EQ,BANCOINDIA,,-1.000000,1,,NSE,5.000000,159057,False
758551,RAYMONDREL-EQ,RAYMONDREL,,-1.000000,1,,NSE,5.000000,172093,False
758563,ELLEN-EQ,ELLEN,,-1.000000,1,,NSE,5.000000,308789,False
758595,INTERNET-EQ,INTERNET,,-1.000000,1,,NSE,1.000000,800939,False
277,GICRE-EQ,GICRE,,-1.000000,1,,NSE,5.000000,280704,False
13951,PARACABLES-EQ,PARACABLES,,-1.000000,1,,NSE,1.000000,1465617,False
2783,JUBLINGREA-EQ,JUBLINGREA,,-1.000000,1,,NSE,5.000000,139530,False
2854,CRAFTSMAN-EQ,CRAFTSMAN,,-1.000000,1,,NSE,50.000000,9494,False
2866,RCF-EQ,RCF,,-1.000000,1,,NSE,1.000000,805464,False
2868,HITECH-EQ,HITECH,,-1.000000,1,,NSE,1.000000,1286078,False
14043,SARLAPOLY-EQ,SARLAPOLY,,-1.000000,1,,NSE,1.000000,995616,False
14058,SANGHVIMOV-EQ,SANGHVIMOV,,-1.000000,1,,NSE,5.000000,199817,False
14063,WANBURY-EQ,WANBURY,,-1.000000,1,,NSE,5.000000,380559,False
1415,GLOBAL-EQ,GLOBAL,,-1.000000,1,,NSE,1.000000,971404,False
759012,GANESHCP-EQ,GANESHCP,,-1.000000,1,,NSE,1.000000,616257,False
759093,SHRINGARMS-EQ,SHRINGARMS,,-1.000000,1,,NSE,1.000000,435294,False
14223,TIIL-EQ,TIIL,,-1.000000,1,,NSE,10.000000,34734,False
759205,JKIPL-EQ,JKIPL,,-1.000000,1,,NSE,1.000000,1000492,False
29025,INDOFARM-EQ,INDOFARM,,-1.000000,1,,NSE,1.000000,671569,False
759316,RUBICON-EQ,RUBICON,,-1.000000,1,,NSE,10.000000,60364,False
759381,MONEYBOXX-EQ,MONEYBOXX,,-1.000000,1,,NSE,1.000000,1666624,False
14552,PHOENIXLTD-EQ,PHOENIXLTD,,-1.000000,1,,NSE,10.000000,52215,True
759439,PATELRMART-EQ,PATELRMART,,-1.000000,1,,NSE,1.000000,454146,False
759453,VIKRAMSOLR-EQ,VIKRAMSOLR,,-1.000000,1,,NSE,1.000000,626510,False
759458,GROWWNXT50-EQ,GROWWNXT50,,-1.000000,1,,NSE,1.000000,39768,False
1467,JSWDULUX-EQ,JSWDULUX,,-1.000000,1,,NSE,10.000000,32242,False
14667,KMSUGAR-EQ,KMSUGAR,,-1.000000,1,,NSE,1.000000,3008405,False
759522,GROWWSC250-EQ,GROWWSC250,,-1.000000,1,,NSE,1.000000,522802,False
2972,ORIENTELEC-EQ,ORIENTELEC,,-1.000000,1,,NSE,1.000000,526800,False
1485,IFBIND-EQ,IFBIND,,-1.000000,1,,NSE,10.000000,73622,False
14758,051NSETEST-EQ,051NSETEST,,-1.000000,1,,NSE,5.000000,500000,False
29733,NIBL-EQ,NIBL,,-1.000000,1,,NSE,1.000000,792342,False
29758,MSCIINDIA-EQ,MSCIINDIA,,-1.000000,1,,NSE,1.000000,3289238,False
759842,BETA-EQ,BETA,,-1.000000,1,,NSE,10.000000,39077,False
759780,ENERGY-EQ,ENERGY,,-1.000000,1,,NSE,1.000000,2488793,False
14853,OMAXE-EQ,OMAXE,,-1.000000,1,,NSE,1.000000,1219763,False
759891,MOIPO-EQ,MOIPO,,-1.000000,1,,NSE,1.000000,40875,False
14938,GSEC10YEAR-EQ,GSEC10YEAR,,-1.000000,1,,NSE,1.000000,855534,False
3001,BSE500IETF-EQ,BSE500IETF,,-1.000000,1,,NSE,1.000000,2496827,False
14966,CSBBANK-EQ,CSBBANK,,-1.000000,1,,NSE,5.000000,313141,False
760101,SKFINDUS-EQ,SKFINDUS,,-1.000000,1,,NSE,10.000000,36682,False
15032,PSUBNKBEES-EQ,PSUBNKBEES,,-1.000000,1,,NSE,1.000000,1035317,False
15061,PSUBANK-EQ,PSUBANK,,-1.000000,1,,NSE,1.000000,1155358,False
15124,KOLTEPATIL-EQ,KOLTEPATIL,,-1.000000,1,,NSE,5.000000,202900,False
760229,MEESHO-EQ,MEESHO,,-1.000000,1,,NSE,1.000000,519608,False
760247,ABSL10BANK-EQ,ABSL10BANK,,-1.000000,1,,NSE,1.000000,590862,False
15204,ARIES-EQ,ARIES,,-1.000000,1,,NSE,5.000000,251659,False
1521,INDIAGLYCO-EQ,INDIAGLYCO,,-1.000000,1,,NSE,10.000000,95245,False
15214,DVL-EQ,DVL,,-1.000000,1,,NSE,1.000000,369546,False
15254,CEATLTD-EQ,CEATLTD,,-1.000000,1,,NSE,10.000000,26858,False
760359,SMALLADD-EQ,SMALLADD,,-1.000000,1,,NSE,1.000000,133658,False
760415,TOP20-EQ,TOP20,,-1.000000,1,,NSE,1.000000,545577,False
760438,GROWWMETAL-EQ,GROWWMETAL,,-1.000000,1,,NSE,1.000000,1134908,False
1530,INDIANHUME-EQ,INDIANHUME,,-1.000000,1,,NSE,5.000000,266411,False
3063,VEDL-EQ,VEDL,,-1.000000,1,,NSE,5.000000,359755,True
15313,IRB-EQ,IRB,,-1.000000,1,,NSE,1.000000,5169384,False
3066,SESHAPAPER-EQ,SESHAPAPER,,-1.000000,1,,NSE,1.000000,429872,False
3138,HONDAPOWER-EQ,HONDAPOWER,,-1.000000,1,,NSE,10.000000,47550,False
1576,GILLETTE-EQ,GILLETTE,,-1.000000,1,,NSE,50.000000,13164,False
1581,TARC-EQ,TARC,,-1.000000,1,,NSE,1.000000,777873,False
1624,IOC-EQ,IOC,,-1.000000,1,,NSE,1.000000,706061,True
3237,JTEKTINDIA-EQ,JTEKTINDIA,,-1.000000,1,,NSE,1.000000,716793,False
1627,LINDEINDIA-EQ,LINDEINDIA,,-1.000000,1,,NSE,50.000000,14754,False
1628,BECTORFOOD-EQ,BECTORFOOD,,-1.000000,1,,NSE,1.000000,412595,False
324,ANGELONE-EQ,ANGELONE,,-1.000000,1,,NSE,5.000000,343419,True
3273,SRF-EQ,SRF,,-1.000000,1,,NSE,10.000000,38535,True
3327,SUDARSCHEM-EQ,SUDARSCHEM,,-1.000000,1,,NSE,10.000000,95689,False
760709,NEXT50ETF-EQ,NEXT50ETF,,-1.000000,1,,NSE,1.000000,90298,False
341,BALRAMCHIN-EQ,BALRAMCHIN,,-1.000000,1,,NSE,5.000000,165195,False
1675,ITI-EQ,ITI,,-1.000000,1,,NSE,5.000000,352403,False
16777,SILVERAG-EQ,SILVERAG,,-1.000000,1,,NSE,1.000000,440616,False
347,BANARBEADS-EQ,BANARBEADS,,-1.000000,1,,NSE,1.000000,215738,False
3496,TIRUMALCHM-EQ,TIRUMALCHM,,-1.000000,1,,NSE,1.000000,622172,False
16859,SINDHUTRAD-EQ,SINDHUTRAD,,-1.000000,1,,NSE,1.000000,4130827,False
16863,LPDC-EQ,LPDC,,-1.000000,1,,NSE,1.000000,4386481,False
3579,UNICHEMLAB-EQ,UNICHEMLAB,,-1.000000,1,,NSE,5.000000,183477,False
3607,UNIVCABLES-EQ,UNIVCABLES,,-1.000000,1,,NSE,10.000000,58509,False
3626,HEALTHIETF-EQ,HEALTHIETF,,-1.000000,1,,NSE,1.000000,447048,False
16915,ZFCVINDIA-EQ,ZFCVINDIA,,-1.000000,1,,NSE,10.000000,38238,False
3676,VESUVIUS-EQ,VESUVIUS,,-1.000000,1,,NSE,5.000000,218791,False
381,SINTERCOM-EQ,SINTERCOM,,-1.000000,1,,NSE,1.000000,900159,False
3787,WIPRO-EQ,WIPRO,,-1.000000,1,,NSE,1.000000,534823,True
17270,ASPINWALL-EQ,ASPINWALL,,-1.000000,1,,NSE,1.000000,255658,False
17272,SETFGOLD-EQ,SETFGOLD,,-1.000000,1,,NSE,1.000000,773726,False
395,BEML-EQ,BEML,,-1.000000,1,,NSE,10.000000,52555,False
3880,SOMANYCERA-EQ,SOMANYCERA,,-1.000000,1,,NSE,5.000000,196820,False
3908,PREMIERPOL-EQ,PREMIERPOL,,-1.000000,1,,NSE,1.000000,1365841,False
17358,UTKARSHBNK-EQ,UTKARSHBNK,,-1.000000,1,,NSE,1.000000,7086063,False
17364,VINATIORGA-EQ,VINATIORGA,,-1.000000,1,,NSE,10.000000,75261,False
419,BEPL-EQ,BEPL,,-1.000000,1,,NSE,1.000000,829445,False
422,BHARATFORG-EQ,BHARATFORG,,-1.000000,1,,NSE,10.000000,47808,True
4010,PVP-EQ,PVP,,-1.000000,1,,NSE,1.000000,2928239,False
17388,ADANIPOWER-EQ,ADANIPOWER,,-1.000000,1,,NSE,1.000000,482117,True
17419,BANKETF-EQ,BANKETF,,-1.000000,1,,NSE,1.000000,170627,False
17486,EXPLEOSOL-EQ,EXPLEOSOL,,-1.000000,1,,NSE,5.000000,121488,False
4481,AARTIDRUGS-EQ,AARTIDRUGS,,-1.000000,1,,NSE,5.000000,231734,False
4391,GULFOILLUB-EQ,GULFOILLUB,,-1.000000,1,,NSE,10.000000,84624,False
4410,JAGSNPHARM-EQ,JAGSNPHARM,,-1.000000,1,,NSE,1.000000,443467,False
17728,ASTEC-EQ,ASTEC,,-1.000000,1,,NSE,5.000000,164514,False
471,OSWALGREEN-EQ,OSWALGREEN,,-1.000000,1,,NSE,1.000000,4750455,False
4487,ALKYLAMINE-EQ,ALKYLAMINE,,-1.000000,1,,NSE,10.000000,52882,False
17764,REFEX-EQ,REFEX,,-1.000000,1,,NSE,5.000000,340715,False
17778,ATL-EQ,ATL,,-1.000000,1,,NSE,1.000000,4055146,False
17833,AHLUCONT-EQ,AHLUCONT,,-1.000000,1,,NSE,5.000000,123592,False
4732,SKMEGGPROD-EQ,SKMEGGPROD,,-1.000000,1,,NSE,1.000000,388525,False
4745,BANKINDIA-EQ,BANKINDIA,,-1.000000,1,,NSE,1.000000,682900,True
761680,POWERICA-EQ,POWERICA,,-1.000000,1,,NSE,5.000000,178691,False
761688,SAHLIBHFI-EQ,SAHLIBHFI,,-1.000000,1,,NSE,1.000000,1010050,False
4907,ENGINERSIN-EQ,ENGINERSIN,,-1.000000,1,,NSE,1.000000,417597,False
480,BIRLACORPN-EQ,BIRLACORPN,,-1.000000,1,,NSE,5.000000,110502,False
17839,GILLANDERS-EQ,GILLANDERS,,-1.000000,1,,NSE,1.000000,697894,False
17869,JSWENERGY-EQ,JSWENERGY,,-1.000000,1,,NSE,5.000000,177847,True
761720,NIMBSPROJ-EQ,NIMBSPROJ,,-1.000000,1,,NSE,1.000000,540557,False
1797,AWHCL-EQ,AWHCL,,-1.000000,1,,NSE,5.000000,255325,False
17963,NESTLEIND-EQ,NESTLEIND,,-1.000000,1,,NSE,10.000000,65562,True
527,UTIAMC-EQ,UTIAMC,,-1.000000,1,,NSE,5.000000,108987,False
5186,STYLAMIND-EQ,STYLAMIND,,-1.000000,1,,NSE,10.000000,28201,False
762239,GSPCROP-EQ,GSPCROP,,-1.000000,1,,NSE,5.000000,169839,False
5378,ASAHIINDIA-EQ,ASAHIINDIA,,-1.000000,1,,NSE,5.000000,112167,False
762518,3BBLACKBIO-EQ,3BBLACKBIO,,-1.000000,1,,NSE,10.000000,79921,False
5449,CHEMPLASTS-EQ,CHEMPLASTS,,-1.000000,1,,NSE,1.000000,548324,False
5475,GRSE-EQ,GRSE,,-1.000000,1,,NSE,10.000000,38718,False
762538,AKCAPIT-EQ,AKCAPIT,,-1.000000,1,,NSE,10.000000,57849,False
18096,JUBLFOOD-EQ,JUBLFOOD,,-1.000000,1,,NSE,5.000000,205871,True
762608,BNAGROCHEM-EQ,BNAGROCHEM,,-1.000000,1,,NSE,5.000000,393536,False
762648,DRAGARWQ-EQ,DRAGARWQ,,-1.000000,1,,NSE,50.000000,18823,False
762658,ELCIDIN-EQ,ELCIDIN,,-1.000000,1,,NSE,500.000000,888,False
18110,VASCONEQ-EQ,VASCONEQ,,-1.000000,1,,NSE,1.000000,3198810,False
762807,NATIONSTD-EQ,NATIONSTD,,-1.000000,1,,NSE,1.000000,607900,False
762817,NILE-EQ,NILE,,-1.000000,1,,NSE,10.000000,62775,False
762854,QUINT-EQ,QUINT,,-1.000000,1,,NSE,1.000000,1543701,False
762864,RRIL-EQ,RRIL,,-1.000000,1,,NSE,1.000000,3963707,False
5865,LAGNAM-EQ,LAGNAM,,-1.000000,1,,NSE,1.000000,577776,False
762924,SURYALA-EQ,SURYALA,,-1.000000,1,,NSE,5.000000,139530,False
762971,WELSPLSOL-EQ,WELSPLSOL,,-1.000000,1,,NSE,1.000000,2097827,False
5911,PARAS-EQ,PARAS,,-1.000000,1,,NSE,10.000000,78008,False
625,ABREL-EQ,ABREL,,-1.000000,1,,NSE,10.000000,72602,False
6302,APOLSINHOT-EQ,APOLSINHOT,,-1.000000,1,,NSE,10.000000,81584,False
763530,FMCGADD-EQ,FMCGADD,,-1.000000,1,,NSE,1.000000,40419,False
634,IGARASHI-EQ,IGARASHI,,-1.000000,1,,NSE,5.000000,223283,False
6407,LAMBODHARA-EQ,LAMBODHARA,,-1.000000,1,,NSE,1.000000,339347,False
6705,PAYTM-EQ,PAYTM,,-1.000000,1,,NSE,10.000000,61472,True
764126,LASERPOWER-EQ,LASERPOWER,,-1.000000,1,,NSE,5.000000,355131,False
6858,DHRUV-EQ,DHRUV,,-1.000000,1,,NSE,1.000000,620206,False
764285,CEMNTGROWW-EQ,CEMNTGROWW,,-1.000000,1,,NSE,1.000000,161682,False
764364,INSUREIETF-EQ,INSUREIETF,,-1.000000,1,,NSE,1.000000,131664,False
764405,MOOILGAS-EQ,MOOILGAS,,-1.000000,1,,NSE,1.000000,40875,False
7,AARTIIND-EQ,AARTIIND,,-1.000000,1,,NSE,5.000000,188186,False
7177,RATEGAIN-EQ,RATEGAIN,,-1.000000,1,,NSE,5.000000,107175,False
7791,UNIINFO-EQ,UNIINFO,,-1.000000,1,,NSE,1.000000,349665,False
7229,HCLTECH-EQ,HCLTECH,,-1.000000,1,,NSE,10.000000,70555,True
7851,RAMCOSYS-EQ,RAMCOSYS,,-1.000000,1,,NSE,5.000000,161310,False
742,COSMOFIRST-EQ,COSMOFIRST,,-1.000000,1,,NSE,5.000000,109986,False
7412,ALPHA-EQ,ALPHA,,-1.000000,1,,NSE,1.000000,1853071,False
7457,HAVISHA-EQ,HAVISHA,,-1.000000,1,,NSE,1.000000,5020620,False
804,SHIVATEX-EQ,SHIVATEX,,-1.000000,1,,NSE,1.000000,423880,False
7965,MALLCOM-EQ,MALLCOM,,-1.000000,1,,NSE,5.000000,101899,False
7529,LCCINFOTEC-EQ,LCCINFOTEC,,-1.000000,1,,NSE,1.000000,5513002,False
8477,XELPMOC-EQ,XELPMOC,,-1.000000,1,,NSE,1.000000,483943,False
881,DRREDDY-EQ,DRREDDY,,-1.000000,1,,NSE,10.000000,82632,True
9007,NOVARTIND-EQ,NOVARTIND,,-1.000000,1,,NSE,10.000000,62813,False
756871,ENRIN-EQ,ENRIN,,-1.000000,1,,NSE,10.000000,27777,False
9039,UFO-EQ,UFO,,-1.000000,1,,NSE,1.000000,1269242,False
757014,THELEELA-EQ,THELEELA,,-1.000000,1,,NSE,5.000000,200040,False
9219,TPLPLASTEH-EQ,TPLPLASTEH,,-1.000000,1,,NSE,1.000000,1311464,False
9253,NILAINFRA-EQ,NILAINFRA,,-1.000000,1,,NSE,1.000000,12880176,False
9354,TAJGVK-EQ,TAJGVK,,-1.000000,1,,NSE,5.000000,283348,False
9356,MSTCLTD-EQ,MSTCLTD,,-1.000000,1,,NSE,5.000000,169804,False
9667,MEDICO-EQ,MEDICO,,-1.000000,1,,NSE,1.000000,2107461,False
9685,TRIDENT-EQ,TRIDENT,,-1.000000,1,,NSE,1.000000,4051284,False
9867,NEXTMEDIA-EQ,NEXTMEDIA,,-1.000000,1,,NSE,1.000000,2187398,False
758173,PROSTARM-EQ,PROSTARM,,-1.000000,1,,NSE,1.000000,701726,False
758700,ARFIN-EQ,ARFIN,,-1.000000,1,,NSE,1.000000,1180045,False
758853,SGFIN-EQ,SGFIN,,-1.000000,1,,NSE,5.000000,153487,False
758889,SGMART-EQ,SGMART,,-1.000000,1,,NSE,5.000000,139268,False
758952,ELM250-EQ,ELM250,,-1.000000,1,,NSE,1.000000,3200925,False
759057,SAATVIKGL-EQ,SAATVIKGL,,-1.000000,1,,NSE,5.000000,229678,False
759342,PACEDIGITK-EQ,PACEDIGITK,,-1.000000,1,,NSE,1.000000,545672,False
759397,SOLEX-EQ,SOLEX,,-1.000000,1,,NSE,5.000000,111157,False
759374,MOENERGY-EQ,MOENERGY,,-1.000000,1,,NSE,1.000000,570288,False
759402,ADVANCE-EQ,ADVANCE,,-1.000000,1,,NSE,1.000000,847350,False
759434,WEWORK-EQ,WEWORK,,-1.000000,1,,NSE,5.000000,141084,False
759610,CHOICEGOLD-EQ,CHOICEGOLD,,-1.000000,1,,NSE,1.000000,112808,False
759956,ARSSBL-EQ,ARSSBL,,-1.000000,1,,NSE,5.000000,201684,False
760007,EXCELSOFT-EQ,EXCELSOFT,,-1.000000,1,,NSE,1.000000,1330257,False
760073,JAYKAY-EQ,JAYKAY,,-1.000000,1,,NSE,1.000000,672672,False
760204,MARKOLINES-EQ,MARKOLINES,,-1.000000,1,,NSE,1.000000,571035,False
760224,VIDYAWIRES-EQ,VIDYAWIRES,,-1.000000,1,,NSE,1.000000,1077286,False
760300,LEMERITE-EQ,LEMERITE,,-1.000000,1,,NSE,1.000000,4092993,False
760328,SILVERBND-EQ,SILVERBND,,-1.000000,1,,NSE,1.000000,17234,False
760657,ADVAIT-EQ,ADVAIT,,-1.000000,1,,NSE,10.000000,47219,False
760976,GROWWPSE-EQ,GROWWPSE,,-1.000000,1,,NSE,1.000000,57410,False
761046,DEFENCE-EQ,DEFENCE,,-1.000000,1,,NSE,1.000000,625200,False
761066,ABSLMSCIN-EQ,ABSLMSCIN,,-1.000000,1,,NSE,1.000000,123412,False
761330,AEPL-EQ,AEPL,,-1.000000,1,,NSE,1.000000,6451397,False
761439,RSL-EQ,RSL,,-1.000000,1,,NSE,1.000000,641298,False
761511,VALUE-EQ,VALUE,,-1.000000,1,,NSE,1.000000,277375,False
762563,BAJAJST-EQ,BAJAJST,,-1.000000,1,,NSE,5.000000,271793,False
762653,ELANTAS-EQ,ELANTAS,,-1.000000,1,,NSE,50.000000,8736,False
762680,FERMENTA-EQ,FERMENTA,,-1.000000,1,,NSE,5.000000,211108,False
762685,FRONTSP-EQ,FRONTSP,,-1.000000,1,,NSE,10.000000,66237,False
762717,INDPRUD-EQ,INDPRUD,,-1.000000,1,,NSE,50.000000,15762,False
762742,KIRANVYPAR-EQ,KIRANVYPAR,,-1.000000,1,,NSE,1.000000,510187,False
762762,LAHOTIOV-EQ,LAHOTIOV,,-1.000000,1,,NSE,1.000000,953908,False
762802,MMWL-EQ,MMWL,,-1.000000,1,,NSE,1.000000,6560842,False
762812,NEAGI-EQ,NEAGI,,-1.000000,1,,NSE,10.000000,20341,False
762874,SAPPL-EQ,SAPPL,,-1.000000,1,,NSE,5.000000,289419,False
763572,PVTBKGROWW-EQ,PVTBKGROWW,,-1.000000,1,,NSE,1.000000,82473,False
763602,MSCI360-EQ,MSCI360,,-1.000000,1,,NSE,1.000000,209283,False
764255,CMLL-EQ,CMLL,,-1.000000,1,,NSE,5.000000,185601,False
764296,LCL-EQ,LCL,,-1.000000,1,,NSE,5.000000,194290,False
764428,MIDBANKADD-EQ,MIDBANKADD,,-1.000000,1,,NSE,1.000000,104737,False
764471,ANNAPURNA-EQ,ANNAPURNA,,-1.000000,1,,NSE,5.000000,679343,False
781,DALMIASUG-EQ,DALMIASUG,,-1.000000,1,,NSE,5.000000,243789,False
8003,SILVER-EQ,SILVER,,-1.000000,1,,NSE,1.000000,429368,False
8075,DALBHARAT-EQ,DALBHARAT,,-1.000000,1,,NSE,10.000000,54206,True
8132,BLBLIMITED-EQ,BLBLIMITED,,-1.000000,1,,NSE,1.000000,1728693,False
8146,DEVIT-EQ,DEVIT,,-1.000000,1,,NSE,1.000000,1843093,False
8153,MEGASTAR-EQ,MEGASTAR,,-1.000000,1,,NSE,5.000000,312541,False
8167,MANYAVAR-EQ,MANYAVAR,,-1.000000,1,,NSE,5.000000,191466,False
857,DHAMPURSUG-EQ,DHAMPURSUG,,-1.000000,1,,NSE,1.000000,628017,False
8828,GAEL-EQ,GAEL,,-1.000000,1,,NSE,1.000000,604527,False
8954,TTML-EQ,TTML,,-1.000000,1,,NSE,1.000000,2619603,False
9117,TIPSMUSIC-EQ,TIPSMUSIC,,-1.000000,1,,NSE,5.000000,148204,False
919,EIHOTEL-EQ,EIHOTEL,,-1.000000,1,,NSE,5.000000,334569,False
926,ORCHPHARMA-EQ,ORCHPHARMA,,-1.000000,1,,NSE,5.000000,94033,False
9158,BALAJITELE-EQ,BALAJITELE,,-1.000000,1,,NSE,1.000000,1098827,False
936,DPABHUSHAN-EQ,DPABHUSHAN,,-1.000000,1,,NSE,10.000000,70561,False
9288,KRITIKA-EQ,KRITIKA,,-1.000000,1,,NSE,1.000000,8707356,False
9384,CREATIVEYE-EQ,CREATIVEYE,,-1.000000,1,,NSE,1.000000,655904,False
9741,PARADEEP-EQ,PARADEEP,,-1.000000,1,,NSE,1.000000,678963,False
100,ARE&M-EQ,ARE&M,,-1.000000,1,,NSE,5.000000,103043,False
1023,FEDERALBNK-EQ,FEDERALBNK,,-1.000000,1,,NSE,5.000000,278920,True
10397,JISLJALEQS-EQ,JISLJALEQS,,-1.000000,1,,NSE,1.000000,3693819,False
10417,DYCL-EQ,DYCL,,-1.000000,1,,NSE,5.000000,220244,False
10511,NIFTYBETA-EQ,NIFTYBETA,,-1.000000,1,,NSE,1.000000,367490,False
10512,CONS-EQ,CONS,,-1.000000,1,,NSE,1.000000,945123,False
10700,SURANAT&P-EQ,SURANAT&P,,-1.000000,1,,NSE,1.000000,4439350,False
10733,SPORTKING-EQ,SPORTKING,,-1.000000,1,,NSE,1.000000,491227,False
1076,ZENSARTECH-EQ,ZENSARTECH,,-1.000000,1,,NSE,5.000000,202243,False
10753,UNIONBANK-EQ,UNIONBANK,,-1.000000,1,,NSE,1.000000,534352,True
10893,DBOL-EQ,DBOL,,-1.000000,1,,NSE,1.000000,876316,False
10999,MARUTI-EQ,MARUTI,,-1.000000,1,,NSE,100.000000,6916,True
11039,DCMNVL-EQ,DCMNVL,,-1.000000,1,,NSE,1.000000,557848,False
11060,KSOLVES-EQ,KSOLVES,,-1.000000,1,,NSE,5.000000,365887,False
11193,SILVERAXIS-EQ,SILVERAXIS,,-1.000000,1,,NSE,1.000000,431455,False
11239,NSIL-EQ,NSIL,,-1.000000,1,,NSE,50.000000,18135,False
11253,WELSPUNLIV-EQ,WELSPUNLIV,,-1.000000,1,,NSE,1.000000,604266,False
11256,JAIBALAJI-EQ,JAIBALAJI,,-1.000000,1,,NSE,1.000000,1518907,False
11271,DREDGECORP-EQ,DREDGECORP,,-1.000000,1,,NSE,10.000000,96431,False
11369,TTKHLTCARE-EQ,TTKHLTCARE,,-1.000000,1,,NSE,10.000000,90617,False
11394,ZOTA-EQ,ZOTA,,-1.000000,1,,NSE,10.000000,80001,False
11452,CCL-EQ,CCL,,-1.000000,1,,NSE,10.000000,87994,False
11471,EXCELINDUS-EQ,EXCELINDUS,,-1.000000,1,,NSE,5.000000,95134,False
1153,GLAXO-EQ,GLAXO,,-1.000000,1,,NSE,10.000000,38116,False
11538,HDFCMOMENT-EQ,HDFCMOMENT,,-1.000000,1,,NSE,1.000000,1352583,False
11596,LINCOLN-EQ,LINCOLN,,-1.000000,1,,NSE,5.000000,168670,False
11677,INDOCO-EQ,INDOCO,,-1.000000,1,,NSE,1.000000,459764,False
11699,PATELENG-EQ,PATELENG,,-1.000000,1,,NSE,1.000000,3424873,False
11743,JINDALPHOT-EQ,JINDALPHOT,,-1.000000,1,,NSE,10.000000,94581,False
11782,EVEREADY-EQ,EVEREADY,,-1.000000,1,,NSE,5.000000,282680,False
11787,GOYALALUM-EQ,GOYALALUM,,-1.000000,1,,NSE,1.000000,4667361,False
11841,KENNAMET-EQ,KENNAMET,,-1.000000,1,,NSE,10.000000,27978,False
11872,GRANULES-EQ,GRANULES,,-1.000000,1,,NSE,5.000000,115473,False
12015,AEROENTER-EQ,AEROENTER,,-1.000000,1,,NSE,1.000000,773388,False
1267,GUJALKALI-EQ,GUJALKALI,,-1.000000,1,,NSE,5.000000,148653,False
12842,G1NSETEST-EQ,G1NSETEST,,-1.000000,1,,NSE,5.000000,512800,False
13106,NAHARINDUS-EQ,NAHARINDUS,,-1.000000,1,,NSE,1.000000,833651,False
13111,ORIENTCER-EQ,ORIENTCER,,-1.000000,1,,NSE,1.000000,2395176,False
13147,PVRINOX-EQ,PVRINOX,,-1.000000,1,,NSE,10.000000,84059,False
13198,COMMOIETF-EQ,COMMOIETF,,-1.000000,1,,NSE,1.000000,435423,False
13300,NITCO-EQ,NITCO,,-1.000000,1,,NSE,1.000000,1032776,False
13332,SOLARINDS-EQ,SOLARINDS,,-1.000000,1,,NSE,100.000000,5338,True
13352,MALUPAPER-EQ,MALUPAPER,,-1.000000,1,,NSE,1.000000,557837,False
13367,SGL-EQ,SGL,,-1.000000,1,,NSE,1.000000,882602,False
13577,VOLTAMP-EQ,VOLTAMP,,-1.000000,1,,NSE,50.000000,9985,False
136,ANDHRSUGAR-EQ,ANDHRSUGAR,,-1.000000,1,,NSE,1.000000,1019361,False
1360,HIMATSEIDE-EQ,HIMATSEIDE,,-1.000000,1,,NSE,1.000000,1313000,False
13794,BAIDFIN-EQ,BAIDFIN,,-1.000000,1,,NSE,1.000000,5064841,False
13810,GREENPANEL-EQ,GREENPANEL,,-1.000000,1,,NSE,1.000000,566048,False
13900,CREST-EQ,CREST,,-1.000000,1,,NSE,5.000000,275194,False
13920,PLASTIBLEN-EQ,PLASTIBLEN,,-1.000000,1,,NSE,1.000000,496315,False
13941,PRAENG-EQ,PRAENG,,-1.000000,1,,NSE,1.000000,2286900,False
13976,TANLA-EQ,TANLA,,-1.000000,1,,NSE,5.000000,168158,False
14101,PTL-EQ,PTL,,-1.000000,1,,NSE,1.000000,2545742,False
14116,GANDHITUBE-EQ,GANDHITUBE,,-1.000000,1,,NSE,5.000000,104409,False
14218,CTE-EQ,CTE,,-1.000000,1,,NSE,1.000000,641934,False
14230,HDFCBSE500-EQ,HDFCBSE500,,-1.000000,1,,NSE,1.000000,597866,False
14245,TVSSRICHAK-EQ,TVSSRICHAK,,-1.000000,1,,NSE,10.000000,25850,False
144,GODREJAGRO-EQ,GODREJAGRO,,-1.000000,1,,NSE,5.000000,181010,False
14450,EMBDL-EQ,EMBDL,,-1.000000,1,,NSE,1.000000,1613134,False
14479,DIVGIITTS-EQ,DIVGIITTS,,-1.000000,1,,NSE,5.000000,81167,False
14582,SRHHYPOLTD-EQ,SRHHYPOLTD,,-1.000000,1,,NSE,5.000000,199197,False
14592,FORTIS-EQ,FORTIS,,-1.000000,1,,NSE,5.000000,110978,True
14584,PSUBNKIETF-EQ,PSUBNKIETF,,-1.000000,1,,NSE,1.000000,501827,False
14774,111NSETEST-EQ,111NSETEST,,-1.000000,1,,NSE,5.000000,500000,False
14784,161NSETEST-EQ,161NSETEST,,-1.000000,1,,NSE,5.000000,500000,False
14917,TAKE-EQ,TAKE,,-1.000000,1,,NSE,1.000000,4248072,False
14957,MAGNUM-EQ,MAGNUM,,-1.000000,1,,NSE,1.000000,2237050,False
14972,KSCL-EQ,KSCL,,-1.000000,1,,NSE,5.000000,126848,False
14992,CCCL-EQ,CCCL,,-1.000000,1,,NSE,1.000000,6548600,False
15184,BRIGADE-EQ,BRIGADE,,-1.000000,1,,NSE,5.000000,168625,False
15259,RPOWER-EQ,RPOWER,,-1.000000,1,,NSE,1.000000,4276387,False
16192,PAVNAIND-EQ,PAVNAIND,,-1.000000,1,,NSE,1.000000,4562631,False
1621,TATAINVEST-EQ,TATAINVEST,,-1.000000,1,,NSE,5.000000,146726,False
1663,SUNDROP-EQ,SUNDROP,,-1.000000,1,,NSE,5.000000,149279,False
1672,HGINFRA-EQ,HGINFRA,,-1.000000,1,,NSE,5.000000,181240,False
16795,ARCHIDPLY-EQ,ARCHIDPLY,,-1.000000,1,,NSE,1.000000,649585,False
16822,IKIO-EQ,IKIO,,-1.000000,1,,NSE,1.000000,465307,False
17022,MAWANASUG-EQ,MAWANASUG,,-1.000000,1,,NSE,1.000000,892920,False
17207,ITADD-EQ,ITADD,,-1.000000,1,,NSE,1.000000,1751735,False
17263,ARMANFIN-EQ,ARMANFIN,,-1.000000,1,,NSE,10.000000,49724,False
17271,SENCO-EQ,SENCO,,-1.000000,1,,NSE,5.000000,289175,False
17307,AJMERA-EQ,AJMERA,,-1.000000,1,,NSE,1.000000,851141,False
17313,LLOYDSME-EQ,LLOYDSME,,-1.000000,1,,NSE,10.000000,52339,False
17333,MHRIL-EQ,MHRIL,,-1.000000,1,,NSE,1.000000,444523,False
17395,SETF10GILT-EQ,SETF10GILT,,-1.000000,1,,NSE,1.000000,375956,False
17400,NHPC-EQ,NHPC,,-1.000000,1,,NSE,1.000000,1295809,True
17424,GLOBUSSPR-EQ,GLOBUSSPR,,-1.000000,1,,NSE,5.000000,114460,False
17475,NV20IETF-EQ,NV20IETF,,-1.000000,1,,NSE,1.000000,4221669,False
17651,POKARNA-EQ,POKARNA,,-1.000000,1,,NSE,5.000000,101104,False
17770,GROBTEA-EQ,GROBTEA,,-1.000000,1,,NSE,5.000000,38008,False
1782,KANPRPLA-EQ,KANPRPLA,,-1.000000,1,,NSE,1.000000,430193,False
17933,BEARDSELL-EQ,BEARDSELL,,-1.000000,1,,NSE,1.000000,1289589,False
1811,KAKATCEM-EQ,KAKATCEM,,-1.000000,1,,NSE,1.000000,254205,False
18139,DOLPHIN-EQ,DOLPHIN,,-1.000000,1,,NSE,5.000000,202263,False
18151,TVSSCS-EQ,TVSSCS,,-1.000000,1,,NSE,1.000000,774712,False
18214,TEXMOPIPES-EQ,TEXMOPIPES,,-1.000000,1,,NSE,1.000000,954676,False
18232,LORDSCHLO-EQ,LORDSCHLO,,-1.000000,1,,NSE,1.000000,726146,False
18268,AEROFLEX-EQ,AEROFLEX,,-1.000000,1,,NSE,5.000000,223903,False
18279,HDFCLIQUID-EQ,HDFCLIQUID,,-1.000000,1,,NSE,1.000000,18275,False
18423,RATNAVEER-EQ,RATNAVEER,,-1.000000,1,,NSE,1.000000,476130,False
18457,POWERINDIA-EQ,POWERINDIA,,-1.000000,1,,NSE,500.000000,2763,True
18553,JLHL-EQ,JLHL,,-1.000000,1,,NSE,5.000000,326518,False
18783,IDFNIFTYET-EQ,IDFNIFTYET,,-1.000000,1,,NSE,1.000000,4673,False
19020,JSWINFRA-EQ,JSWINFRA,,-1.000000,1,,NSE,5.000000,286590,False
19113,UDS-EQ,UDS,,-1.000000,1,,NSE,1.000000,476037,False
19126,KIOCL-EQ,KIOCL,,-1.000000,1,,NSE,5.000000,252824,False
19531,BAJAJCON-EQ,BAJAJCON,,-1.000000,1,,NSE,5.000000,185739,False
19578,UGARSUGAR-EQ,UGARSUGAR,,-1.000000,1,,NSE,1.000000,2264962,False
19646,MAXESTATES-EQ,MAXESTATES,,-1.000000,1,,NSE,5.000000,237711,False
19679,GOLDIETF-EQ,GOLDIETF,,-1.000000,1,,NSE,1.000000,770182,False
19783,MUFIN-EQ,MUFIN,,-1.000000,1,,NSE,1.000000,738550,False
19913,DMART-EQ,DMART,,-1.000000,1,,NSE,10.000000,24132,True
2004,AHLADA-EQ,AHLADA,,-1.000000,1,,NSE,1.000000,422516,False
20182,ASHOKA-EQ,ASHOKA,,-1.000000,1,,NSE,1.000000,877821,False
20314,NRAIL-EQ,NRAIL,,-1.000000,1,,NSE,5.000000,191345,False
20532,GOLDAXIS-EQ,GOLDAXIS,,-1.000000,1,,NSE,1.000000,793173,False
206,ASHIMASYN-EQ,ASHIMASYN,,-1.000000,1,,NSE,1.000000,5720670,False
2073,VTL-EQ,VTL,,-1.000000,1,,NSE,5.000000,168764,False
20822,SURAJEST-EQ,SURAJEST,,-1.000000,1,,NSE,1.000000,477686,False
2085,MAHSCOOTER-EQ,MAHSCOOTER,,-1.000000,1,,NSE,100.000000,7325,False
20950,RKDL-EQ,RKDL,,-1.000000,1,,NSE,1.000000,784800,False
21062,INNOVACAP-EQ,INNOVACAP,,-1.000000,1,,NSE,5.000000,98770,False
21119,KICL-EQ,KICL,,-1.000000,1,,NSE,50.000000,18452,False
212,ASHOKLEY-EQ,ASHOKLEY,,-1.000000,1,,NSE,1.000000,563890,True
21247,DIGIDRIVE-EQ,DIGIDRIVE,,-1.000000,1,,NSE,1.000000,1260974,False
21362,SALASAR-EQ,SALASAR,,-1.000000,1,,NSE,1.000000,17360642,False
2142,MFSL-EQ,MFSL,,-1.000000,1,,NSE,10.000000,65916,True
2144,BDL-EQ,BDL,,-1.000000,1,,NSE,10.000000,74412,True
21508,COCHINSHIP-EQ,COCHINSHIP,,-1.000000,1,,NSE,10.000000,66296,True
21551,HALEOSLABS-EQ,HALEOSLABS,,-1.000000,1,,NSE,10.000000,68897,False
2168,RAJMET-EQ,RAJMET,,-1.000000,1,,NSE,1.000000,9040896,False
21957,INDTERRAIN-EQ,INDTERRAIN,,-1.000000,1,,NSE,1.000000,1656822,False
2241,MODTHREAD-EQ,MODTHREAD,,-1.000000,1,,NSE,1.000000,1137147,False
2259,MOREPENLAB-EQ,MOREPENLAB,,-1.000000,1,,NSE,1.000000,1361116,False
22947,EXICOM-EQ,EXICOM,,-1.000000,1,,NSE,1.000000,705551,False
23027,LANCORHOL-EQ,LANCORHOL,,-1.000000,1,,NSE,1.000000,2405103,False
2313,MURUDCERA-EQ,MURUDCERA,,-1.000000,1,,NSE,1.000000,1979830,False
23142,PVSL-EQ,PVSL,,-1.000000,1,,NSE,1.000000,829530,False
2331,JAYNECOIND-EQ,JAYNECOIND,,-1.000000,1,,NSE,1.000000,1102083,False
23402,SRM-EQ,SRM,,-1.000000,1,,NSE,5.000000,193534,False
2385,NAVNETEDUL-EQ,NAVNETEDUL,,-1.000000,1,,NSE,1.000000,741285,False
23864,AWFIS-EQ,AWFIS,,-1.000000,1,,NSE,5.000000,364829,False
23915,LIQUIDBETF-EQ,LIQUIDBETF,,-1.000000,1,,NSE,1.000000,91397,False
24226,STANLEY-EQ,STANLEY,,-1.000000,1,,NSE,1.000000,704130,False
24321,VRAJ-EQ,VRAJ,,-1.000000,1,,NSE,1.000000,810745,False
24378,RELIABLE-EQ,RELIABLE,,-1.000000,1,,NSE,1.000000,337464,False
24403,ASHIANA-EQ,ASHIANA,,-1.000000,1,,NSE,5.000000,262570,False
24445,AGIIL-EQ,AGIIL,,-1.000000,1,,NSE,5.000000,332618,False
24524,SBINEQWETF-EQ,SBINEQWETF,,-1.000000,1,,NSE,1.000000,392139,False
24730,RUBFILA-EQ,RUBFILA,,-1.000000,1,,NSE,1.000000,1457897,False
24961,ORIENTTECH-EQ,ORIENTTECH,,-1.000000,1,,NSE,5.000000,384586,False
25252,KROSS-EQ,KROSS,,-1.000000,1,,NSE,1.000000,488336,False
2535,PGHH-EQ,PGHH,,-1.000000,1,,NSE,50.000000,11815,False
25328,APLLTD-EQ,APLLTD,,-1.000000,1,,NSE,5.000000,118724,False
25340,VASWANI-EQ,VASWANI,,-1.000000,1,,NSE,1.000000,1077339,False
25398,ARKADE-EQ,ARKADE,,-1.000000,1,,NSE,1.000000,771246,False
25597,MANBA-EQ,MANBA,,-1.000000,1,,NSE,1.000000,760775,False
25718,POLYMED-EQ,POLYMED,,-1.000000,1,,NSE,10.000000,53416,False
25897,MINDACORP-EQ,MINDACORP,,-1.000000,1,,NSE,5.000000,135797,False
2616,SEAMECLTD-EQ,SEAMECLTD,,-1.000000,1,,NSE,10.000000,65698,False
27047,MASTERTR-EQ,MASTERTR,,-1.000000,1,,NSE,1.000000,1290068,False
27067,VSSL-EQ,VSSL,,-1.000000,1,,NSE,5.000000,301949,False
2711,PRECOT-EQ,PRECOT,,-1.000000,1,,NSE,5.000000,125760,False
2739,PRSMJOHNSN-EQ,PRSMJOHNSN,,-1.000000,1,,NSE,1.000000,942786,False
27297,RTNINDIA-EQ,RTNINDIA,,-1.000000,1,,NSE,1.000000,3303624,False
28805,SANATHAN-EQ,SANATHAN,,-1.000000,1,,NSE,5.000000,210081,False
2955,KALYANKJIL-EQ,KALYANKJIL,,-1.000000,1,,NSE,5.000000,167303,True
29731,GUJTHEM-EQ,GUJTHEM,,-1.000000,1,,NSE,5.000000,283527,False
3009,KOHINOOR-EQ,KOHINOOR,,-1.000000,1,,NSE,1.000000,1212239,False
3010,ITAXIS-EQ,ITAXIS,,-1.000000,1,,NSE,1.000000,139324,False
3018,SAURASHCEM-EQ,SAURASHCEM,,-1.000000,1,,NSE,1.000000,1641153,False
3021,SOTL-EQ,SOTL,,-1.000000,1,,NSE,5.000000,143634,False
305,BAJAJHLDNG-EQ,BAJAJHLDNG,,-1.000000,1,,NSE,100.000000,8569,True
30835,PILITA-EQ,PILITA,,-1.000000,1,,NSE,1.000000,7684500,False
3220,LODHA-EQ,LODHA,,-1.000000,1,,NSE,10.000000,81922,True
3405,TATACHEM-EQ,TATACHEM,,-1.000000,1,,NSE,5.000000,148522,False
3417,HONAUT-EQ,HONAUT,,-1.000000,1,,NSE,500.000000,2652,False
3481,THOMASCOOK-EQ,THOMASCOOK,,-1.000000,1,,NSE,1.000000,933705,False
3563,ADANIGREEN-EQ,ADANIGREEN,,-1.000000,1,,NSE,10.000000,74122,True
359,ROML-EQ,ROML,,-1.000000,1,,NSE,1.000000,490129,False
3715,VLSFINANCE-EQ,VLSFINANCE,,-1.000000,1,,NSE,5.000000,369860,False
3718,VOLTAS-EQ,VOLTAS,,-1.000000,1,,NSE,10.000000,77427,True
383,BEL-EQ,BEL,,-1.000000,1,,NSE,5.000000,241222,True
4014,NAVA-EQ,NAVA,,-1.000000,1,,NSE,5.000000,169517,False
4041,JAYAGROGN-EQ,JAYAGROGN,,-1.000000,1,,NSE,1.000000,475350,False
4116,HBSL-EQ,HBSL,,-1.000000,1,,NSE,1.000000,233401,False
4444,HAWKINCOOK-EQ,HAWKINCOOK,,-1.000000,1,,NSE,50.000000,12225,False
4221,VISAKAIND-EQ,VISAKAIND,,-1.000000,1,,NSE,1.000000,1022859,False
4469,ELECTHERM-EQ,ELECTHERM,,-1.000000,1,,NSE,10.000000,98769,False
4548,GUJRAFFIA-EQ,GUJRAFFIA,,-1.000000,1,,NSE,1.000000,176727,False
4693,SHYAMMETL-EQ,SHYAMMETL,,-1.000000,1,,NSE,10.000000,101324,False
4747,INDNIPPON-EQ,INDNIPPON,,-1.000000,1,,NSE,10.000000,85961,False
4843,SNOWMAN-EQ,SNOWMAN,,-1.000000,1,,NSE,1.000000,2556112,False
509,MAZDOCK-EQ,MAZDOCK,,-1.000000,1,,NSE,10.000000,39127,True
5097,ETERNAL-EQ,ETERNAL,,-1.000000,1,,NSE,5.000000,308811,True
5192,KOVAI-EQ,KOVAI,,-1.000000,1,,NSE,50.000000,17157,False
5313,UGROCAP-EQ,UGROCAP,,-1.000000,1,,NSE,1.000000,1072110,False
5373,DEVYANI-EQ,DEVYANI,,-1.000000,1,,NSE,1.000000,712639,False
5385,AAVAS-EQ,AAVAS,,-1.000000,1,,NSE,10.000000,70566,False
5516,JAIPURKURT-EQ,JAIPURKURT,,-1.000000,1,,NSE,1.000000,624266,False
5528,KOTHARIPRO-EQ,KOTHARIPRO,,-1.000000,1,,NSE,1.000000,1446949,False
5606,INTLCONV-EQ,INTLCONV,,-1.000000,1,,NSE,1.000000,1367592,False
5701,CUB-EQ,CUB,,-1.000000,1,,NSE,1.000000,462697,False
5782,MASPTOP50-EQ,MASPTOP50,,-1.000000,1,,NSE,1.000000,1489624,False
6018,ABSLAMC-EQ,ABSLAMC,,-1.000000,1,,NSE,10.000000,96006,False
6066,ATGL-EQ,ATGL,,-1.000000,1,,NSE,5.000000,150673,False
6141,PANSARI-EQ,PANSARI,,-1.000000,1,,NSE,5.000000,310064,False
637,CHAMBLFERT-EQ,CHAMBLFERT,,-1.000000,1,,NSE,5.000000,225967,False
641,DNAMEDIA-EQ,DNAMEDIA,,-1.000000,1,,NSE,1.000000,3849052,False
6656,POLICYBZR-EQ,POLICYBZR,,-1.000000,1,,NSE,10.000000,57373,True
6673,FOODSIN-EQ,FOODSIN,,-1.000000,1,,NSE,1.000000,1949689,False
6711,IVC-EQ,IVC,,-1.000000,1,,NSE,1.000000,10268870,False
6843,SMLT-EQ,SMLT,,-1.000000,1,,NSE,1.000000,447654,False
6908,VISHNU-EQ,VISHNU,,-1.000000,1,,NSE,5.000000,169634,False
6951,LINC-EQ,LINC,,-1.000000,1,,NSE,1.000000,1016848,False
7287,JTLIND-EQ,JTLIND,,-1.000000,1,,NSE,1.000000,1325471,False
7374,STAR-EQ,STAR,,-1.000000,1,,NSE,10.000000,100560,False
7376,HPAL-EQ,HPAL,,-1.000000,1,,NSE,1.000000,2474002,False
7456,MIDQ50ADD-EQ,MIDQ50ADD,,-1.000000,1,,NSE,1.000000,1293771,False
7506,WOCKPHARMA-EQ,WOCKPHARMA,,-1.000000,1,,NSE,10.000000,54109,False
757,CRISIL-EQ,CRISIL,,-1.000000,1,,NSE,10.000000,22158,False
757336,AEGISVOPAK-EQ,AEGISVOPAK,,-1.000000,1,,NSE,5.000000,364529,False
757431,MOPSE-EQ,MOPSE,,-1.000000,1,,NSE,1.000000,5886,False
757455,SNXT30BEES-EQ,SNXT30BEES,,-1.000000,1,,NSE,1.000000,50469,False
757515,DIGITIDE-EQ,DIGITIDE,,-1.000000,1,,NSE,1.000000,962808,False
757520,BLUSPRING-EQ,BLUSPRING,,-1.000000,1,,NSE,1.000000,822971,False
757801,IGCL-EQ,IGCL,,-1.000000,1,,NSE,1.000000,1381950,False
758150,MBEL-EQ,MBEL,,-1.000000,1,,NSE,5.000000,373063,False
758457,MOSILVER-EQ,MOSILVER,,-1.000000,1,,NSE,1.000000,433915,False
758496,SBILIQETF-EQ,SBILIQETF,,-1.000000,1,,NSE,1.000000,17646,False
758572,GLOBECIVIL-EQ,GLOBECIVIL,,-1.000000,1,,NSE,1.000000,1952811,False
759007,ATLANTAELE-EQ,ATLANTAELE,,-1.000000,1,,NSE,10.000000,60210,False
759062,RHETAN-EQ,RHETAN,,-1.000000,1,,NSE,1.000000,3821015,False
759084,URBANCO-EQ,URBANCO,,-1.000000,1,,NSE,1.000000,718656,False
18143,JIOFIN-EQ,JIOFIN,,-1.000000,1,,NSE,5.000000,389585,True
18252,SPAL-EQ,SPAL,,-1.000000,1,,NSE,5.000000,102466,False
18347,MIDCAPBETA-EQ,MIDCAPBETA,,-1.000000,1,,NSE,1.000000,18536,False
18359,SANDUMA-EQ,SANDUMA,,-1.000000,1,,NSE,1.000000,492424,False
18562,MITTAL-EQ,MITTAL,,-1.000000,1,,NSE,1.000000,7325346,False
18571,GNA-EQ,GNA,,-1.000000,1,,NSE,5.000000,180953,False
18614,SAMHI-EQ,SAMHI,,-1.000000,1,,NSE,1.000000,607760,False
18644,DIAMINESQ-EQ,DIAMINESQ,,-1.000000,1,,NSE,1.000000,328745,False
18944,KINGFA-EQ,KINGFA,,-1.000000,1,,NSE,50.000000,16803,False
19036,PODDARMENT-EQ,PODDARMENT,,-1.000000,1,,NSE,5.000000,346947,False
19061,MANAPPURAM-EQ,MANAPPURAM,,-1.000000,1,,NSE,5.000000,282740,True
19237,MONIFTY500-EQ,MONIFTY500,,-1.000000,1,,NSE,1.000000,3999210,False
19292,TERASOFT-EQ,TERASOFT,,-1.000000,1,,NSE,5.000000,269793,False
19585,BSE-EQ,BSE,,-1.000000,1,,NSE,10.000000,28144,True
20071,INTENTECH-EQ,INTENTECH,,-1.000000,1,,NSE,1.000000,772519,False
20372,FLAIR-EQ,FLAIR,,-1.000000,1,,NSE,5.000000,400818,False
20551,DOMS-EQ,DOMS,,-1.000000,1,,NSE,10.000000,44545,False
2056,HOMEFIRST-EQ,HOMEFIRST,,-1.000000,1,,NSE,10.000000,84560,False
20607,INOXINDIA-EQ,INOXINDIA,,-1.000000,1,,NSE,10.000000,52279,False
20616,SUPERHOUSE-EQ,SUPERHOUSE,,-1.000000,1,,NSE,1.000000,360517,False
20760,RPPINFRA-EQ,RPPINFRA,,-1.000000,1,,NSE,1.000000,1621459,False
20874,RBZJEWEL-EQ,RBZJEWEL,,-1.000000,1,,NSE,1.000000,708160,False
21154,ERIS-EQ,ERIS,,-1.000000,1,,NSE,10.000000,73856,False
21423,MOM100-EQ,MOM100,,-1.000000,1,,NSE,1.000000,1451049,False
21713,LASA-EQ,LASA,,-1.000000,1,,NSE,1.000000,1638310,False
21726,MATRIMONY-EQ,MATRIMONY,,-1.000000,1,,NSE,5.000000,184654,False
21749,CAPACITE-EQ,CAPACITE,,-1.000000,1,,NSE,1.000000,478351,False
2183,TSFINV-EQ,TSFINV,,-1.000000,1,,NSE,5.000000,239427,False
21986,BANKBETF-EQ,BANKBETF,,-1.000000,1,,NSE,1.000000,1710216,False
22347,MACPOWER-EQ,MACPOWER,,-1.000000,1,,NSE,10.000000,57924,False
22377,MAXHEALTH-EQ,MAXHEALTH,,-1.000000,1,,NSE,10.000000,98297,True
22488,ITBETA-EQ,ITBETA,,-1.000000,1,,NSE,1.000000,6780,False
22824,JUNIPER-EQ,JUNIPER,,-1.000000,1,,NSE,1.000000,501742,False
2306,BESTAGRO-EQ,BESTAGRO,,-1.000000,1,,NSE,1.000000,5251969,False
2307,MUNJALSHOW-EQ,MUNJALSHOW,,-1.000000,1,,NSE,1.000000,755305,False
23407,LIQUIDADD-EQ,LIQUIDADD,,-1.000000,1,,NSE,1.000000,87732,False
2388,NELCO-EQ,NELCO,,-1.000000,1,,NSE,10.000000,102637,False
24292,VSTTILLERS-EQ,VSTTILLERS,,-1.000000,1,,NSE,10.000000,22514,False
24538,MAITHANALL-EQ,MAITHANALL,,-1.000000,1,,NSE,5.000000,100813,False
2475,ONGC-EQ,ONGC,,-1.000000,1,,NSE,1.000000,415149,True
24715,AKUMS-EQ,AKUMS,,-1.000000,1,,NSE,5.000000,133312,False
24809,UNIECOM-EQ,UNIECOM,,-1.000000,1,,NSE,1.000000,1085919,False
24856,SSDL-EQ,SSDL,,-1.000000,1,,NSE,1.000000,1294913,False
2481,ONWARDTEC-EQ,ONWARDTEC,,-1.000000,1,,NSE,5.000000,349770,False
24861,METALIETF-EQ,METALIETF,,-1.000000,1,,NSE,1.000000,7587179,False
24924,ELGIRUBCO-EQ,ELGIRUBCO,,-1.000000,1,,NSE,1.000000,1636635,False
24966,SURAJLTD-EQ,SURAJLTD,,-1.000000,1,,NSE,1.000000,457908,False
25049,PREMIERENE-EQ,PREMIERENE,,-1.000000,1,,NSE,10.000000,97393,True
25392,PANAMAPET-EQ,PANAMAPET,,-1.000000,1,,NSE,5.000000,208037,False
25584,TRITURBINE-EQ,TRITURBINE,,-1.000000,1,,NSE,5.000000,170391,False
2562,HUHTAMAKI-EQ,HUHTAMAKI,,-1.000000,1,,NSE,5.000000,359182,False
25608,INDOTHAI-EQ,INDOTHAI,,-1.000000,1,,NSE,1.000000,1170940,False
25737,SRD-EQ,SRD,,-1.000000,1,,NSE,1.000000,2091713,False
25872,GROWWGOLD-EQ,GROWWGOLD,,-1.000000,1,,NSE,1.000000,6765663,False
25941,GODAVARIB-EQ,GODAVARIB,,-1.000000,1,,NSE,5.000000,382233,False
2610,PEARLPOLY-EQ,PEARLPOLY,,-1.000000,1,,NSE,1.000000,550502,False
2614,HERANBA-EQ,HERANBA,,-1.000000,1,,NSE,1.000000,581995,False
27075,LIQUIDPLUS-EQ,LIQUIDPLUS,,-1.000000,1,,NSE,1.000000,91039,False
27084,KMEW-EQ,KMEW,,-1.000000,1,,NSE,10.000000,38450,False
2716,BUTTERFLY-EQ,BUTTERFLY,,-1.000000,1,,NSE,5.000000,147649,False
2717,PRECWIRE-EQ,PRECWIRE,,-1.000000,1,,NSE,5.000000,236736,False
27176,NTPCGREEN-EQ,NTPCGREEN,,-1.000000,1,,NSE,1.000000,1078570,False
2814,ARVEE-EQ,ARVEE,,-1.000000,1,,NSE,1.000000,360354,False
2885,RELIANCE-EQ,RELIANCE,,-1.000000,1,,NSE,10.000000,67662,True
28879,CARRARO-EQ,CARRARO,,-1.000000,1,,NSE,5.000000,193010,False
2912,RIIL-EQ,RIIL,,-1.000000,1,,NSE,5.000000,134057,False
29113,CARERATING-EQ,CARERATING,,-1.000000,1,,NSE,10.000000,59226,False
29171,LAXMIDENTL-EQ,LAXMIDENTL,,-1.000000,1,,NSE,1.000000,499221,False
29256,DENTA-EQ,DENTA,,-1.000000,1,,NSE,5.000000,309479,False
29711,QPOWER-EQ,QPOWER,,-1.000000,1,,NSE,10.000000,77211,False
2979,ORTINGLOBE-EQ,ORTINGLOBE,,-1.000000,1,,NSE,1.000000,265896,False
29872,GROWWN200-EQ,GROWWN200,,-1.000000,1,,NSE,1.000000,471579,False
30023,ATULAUTO-EQ,ATULAUTO,,-1.000000,1,,NSE,5.000000,198393,False
30089,ORIENTCEM-EQ,ORIENTCEM,,-1.000000,1,,NSE,1.000000,748695,False
30139,CASHIETF-EQ,CASHIETF,,-1.000000,1,,NSE,1.000000,93045,False
30155,VALUEAXIS-EQ,VALUEAXIS,,-1.000000,1,,NSE,1.000000,328599,False
30323,ESSENTIA-EQ,ESSENTIA,,-1.000000,1,,NSE,1.000000,57397762,False
3099,SHREDIGCEM-EQ,SHREDIGCEM,,-1.000000,1,,NSE,1.000000,1405941,False
3126,SHREYANIND-EQ,SHREYANIND,,-1.000000,1,,NSE,1.000000,452077,False
31181,MCX-EQ,MCX,,-1.000000,1,,NSE,10.000000,33658,True
759311,CRAMC-EQ,CRAMC,,-1.000000,1,,NSE,5.000000,386869,False
759587,STUDDS-EQ,STUDDS,,-1.000000,1,,NSE,5.000000,237773,False
759728,EMMVEE-EQ,EMMVEE,,-1.000000,1,,NSE,5.000000,315016,False
759814,SMALL250-EQ,SMALL250,,-1.000000,1,,NSE,1.000000,1463019,False
759880,TENNIND-EQ,TENNIND,,-1.000000,1,,NSE,5.000000,184850,False
759998,ENIFTY-EQ,ENIFTY,,-1.000000,1,,NSE,1.000000,214818,False
760193,AONESILVER-EQ,AONESILVER,,-1.000000,1,,NSE,1.000000,1237396,False
760259,WAKEFIT-EQ,WAKEFIT,,-1.000000,1,,NSE,1.000000,813750,False
760981,AYE-EQ,AYE,,-1.000000,1,,NSE,1.000000,564889,False
761670,AEROPLANE-EQ,AEROPLANE,,-1.000000,1,,NSE,1.000000,544474,False
761814,TCC-EQ,TCC,,-1.000000,1,,NSE,5.000000,396621,False
762533,ACSTECH-EQ,ACSTECH,,-1.000000,1,,NSE,1.000000,1984288,False
762543,AMBALALSA-EQ,AMBALALSA,,-1.000000,1,,NSE,1.000000,2229645,False
762568,BATLIBOI-EQ,BATLIBOI,,-1.000000,1,,NSE,1.000000,1094416,False
762603,BLIL-EQ,BLIL,,-1.000000,1,,NSE,1.000000,1409748,False
762628,COMFINTE-EQ,COMFINTE,,-1.000000,1,,NSE,1.000000,10461975,False
7627,SHREERAMA-EQ,SHREERAMA,,-1.000000,1,,NSE,1.000000,2605428,False
762700,GRAVISSHO-EQ,GRAVISSHO,,-1.000000,1,,NSE,1.000000,2305975,False
762792,MERCANTILE-EQ,MERCANTILE,,-1.000000,1,,NSE,1.000000,3659724,False
762929,TAALTECH-EQ,TAALTECH,,-1.000000,1,,NSE,10.000000,23871,False
762949,THAKDEV-EQ,THAKDEV,,-1.000000,1,,NSE,1.000000,294300,False
763540,ENEXT50-EQ,ENEXT50,,-1.000000,1,,NSE,1.000000,36932,False
763800,AASTHA-EQ,AASTHA,,-1.000000,1,,NSE,1.000000,1347881,False
763839,KNACK-EQ,KNACK,,-1.000000,1,,NSE,1.000000,493376,False
764333,HYBRIDETF-EQ,HYBRIDETF,,-1.000000,1,,NSE,1.000000,468861,False
764397,MVELECTRO-EQ,MVELECTRO,,-1.000000,1,,NSE,5.000000,171553,False
764408,JNPR-EQ,JNPR,,-1.000000,1,,NSE,1.000000,394884,False
778,KEEPLEARN-EQ,KEEPLEARN,,-1.000000,1,,NSE,1.000000,5091785,False
7886,MHLXMIRU-EQ,MHLXMIRU,,-1.000000,1,,NSE,1.000000,347282,False
8083,CROWN-EQ,CROWN,,-1.000000,1,,NSE,1.000000,378993,False
822,BANKA-EQ,BANKA,,-1.000000,1,,NSE,1.000000,357163,False
8119,RPSGVENT-EQ,RPSGVENT,,-1.000000,1,,NSE,5.000000,113023,False
8890,VERANDA-EQ,VERANDA,,-1.000000,1,,NSE,5.000000,397804,False
928,ELECTCAST-EQ,ELECTCAST,,-1.000000,1,,NSE,1.000000,1359387,False
9087,PIXTRANS-EQ,PIXTRANS,,-1.000000,1,,NSE,10.000000,51353,False
9422,SILVERTUC-EQ,SILVERTUC,,-1.000000,1,,NSE,1.000000,485682,False
9552,RVNL-EQ,RVNL,,-1.000000,1,,NSE,1.000000,433684,True
9553,PRUDENT-EQ,PRUDENT,,-1.000000,1,,NSE,10.000000,29688,False
9617,SPLPETRO-EQ,SPLPETRO,,-1.000000,1,,NSE,5.000000,137646,False
9847,NV20BEES-EQ,NV20BEES,,-1.000000,1,,NSE,1.000000,336319,False
9879,CHEVIOT-EQ,CHEVIOT,,-1.000000,1,,NSE,10.000000,86050,False
3162,SIMPLEXINF-EQ,SIMPLEXINF,,-1.000000,1,,NSE,1.000000,396267,False
3172,GILT5YBEES-EQ,GILT5YBEES,,-1.000000,1,,NSE,1.000000,1299994,False
3292,DEEPINDS-EQ,DEEPINDS,,-1.000000,1,,NSE,5.000000,143616,False
3339,SUNDARMFIN-EQ,SUNDARMFIN,,-1.000000,1,,NSE,10.000000,22331,False
3351,SUNPHARMA-EQ,SUNPHARMA,,-1.000000,1,,NSE,10.000000,50386,True
3375,SURYAROSNI-EQ,SURYAROSNI,,-1.000000,1,,NSE,1.000000,445283,False
3384,SWARAJENG-EQ,SWARAJENG,,-1.000000,1,,NSE,10.000000,27701,False
342,CAMS-EQ,CAMS,,-1.000000,1,,NSE,5.000000,128455,True
3512,TNTELE-EQ,TNTELE,,-1.000000,1,,NSE,1.000000,1493454,False
3594,UNITECH-EQ,UNITECH,,-1.000000,1,,NSE,1.000000,24629858,False
3703,VIPIND-EQ,VIPIND,,-1.000000,1,,NSE,5.000000,322315,False
3744,FINEORG-EQ,FINEORG,,-1.000000,1,,NSE,10.000000,18978,False
3757,VENKEYS-EQ,VENKEYS,,-1.000000,1,,NSE,10.000000,65999,False
3772,WILLAMAGOR-EQ,WILLAMAGOR,,-1.000000,1,,NSE,1.000000,358272,False
3812,ZEEL-EQ,ZEEL,,-1.000000,1,,NSE,1.000000,1024874,False
3813,ARIHANTCAP-EQ,ARIHANTCAP,,-1.000000,1,,NSE,1.000000,1336508,False
40,AEGISLOG-EQ,AEGISLOG,,-1.000000,1,,NSE,10.000000,78975,False
385,MAHLOG-EQ,MAHLOG,,-1.000000,1,,NSE,5.000000,245674,False
3963,GOCLCORP-EQ,GOCLCORP,,-1.000000,1,,NSE,5.000000,231553,False
4176,ZENITHEXPO-EQ,ZENITHEXPO,,-1.000000,1,,NSE,1.000000,176457,False
4201,SOMATEX-EQ,SOMATEX,,-1.000000,1,,NSE,1.000000,1080179,False
4244,HDFCAMC-EQ,HDFCAMC,,-1.000000,1,,NSE,10.000000,39864,True
4421,CREDITACC-EQ,CREDITACC,,-1.000000,1,,NSE,10.000000,64579,False
4525,DYNAMATECH-EQ,DYNAMATECH,,-1.000000,1,,NSE,100.000000,9365,False
4717,GAIL-EQ,GAIL,,-1.000000,1,,NSE,1.000000,558883,True
4892,SAREGAMA-EQ,SAREGAMA,,-1.000000,1,,NSE,5.000000,193773,False
4775,DCMFINSERV-EQ,DCMFINSERV,,-1.000000,1,,NSE,1.000000,614170,False
4986,IRCON-EQ,IRCON,,-1.000000,1,,NSE,1.000000,791914,False
526,BPCL-EQ,BPCL,,-1.000000,1,,NSE,5.000000,312372,True
5258,INDUSINDBK-EQ,INDUSINDBK,,-1.000000,1,,NSE,10.000000,98170,True
5352,EXXARO-EQ,EXXARO,,-1.000000,1,,NSE,1.000000,14630329,False
547,BRITANNIA-EQ,BRITANNIA,,-1.000000,1,,NSE,50.000000,17583,True
5428,TRIGYN-EQ,TRIGYN,,-1.000000,1,,NSE,1.000000,1006693,False
5585,VIJAYA-EQ,VIJAYA,,-1.000000,1,,NSE,10.000000,66162,False
5751,SANSERA-EQ,SANSERA,,-1.000000,1,,NSE,10.000000,25743,False
5948,SOUTHBANK-EQ,SOUTHBANK,,-1.000000,1,,NSE,1.000000,2183094,False
5957,BSLSENETFG-EQ,BSLSENETFG,,-1.000000,1,,NSE,1.000000,1139206,False
6006,COASTCORP-EQ,COASTCORP,,-1.000000,1,,NSE,1.000000,2190155,False
6286,GULPOLY-EQ,GULPOLY,,-1.000000,1,,NSE,1.000000,526594,False
6297,HEALTHY-EQ,HEALTHY,,-1.000000,1,,NSE,1.000000,1553070,False
6385,CCHHL-EQ,CCHHL,,-1.000000,1,,NSE,1.000000,5345296,False
6462,TECH-EQ,TECH,,-1.000000,1,,NSE,1.000000,424113,False
6733,JINDALSTEL-EQ,JINDALSTEL,,-1.000000,1,,NSE,10.000000,89767,True
6792,SBC-EQ,SBC,,-1.000000,1,,NSE,1.000000,2488092,False
6863,BAJAJHCARE-EQ,BAJAJHCARE,,-1.000000,1,,NSE,5.000000,305387,False
715,SUDARCOLOR-EQ,SUDARCOLOR,,-1.000000,1,,NSE,5.000000,246421,False
7218,SBIETFQLTY-EQ,SBIETFQLTY,,-1.000000,1,,NSE,1.000000,118901,False
7390,SUPRIYA-EQ,SUPRIYA,,-1.000000,1,,NSE,5.000000,120321,False
7406,GLENMARK-EQ,GLENMARK,,-1.000000,1,,NSE,10.000000,43458,True
7413,MANAKCOAT-EQ,MANAKCOAT,,-1.000000,1,,NSE,1.000000,851011,False
7425,HECPROJECT-EQ,HECPROJECT,,-1.000000,1,,NSE,1.000000,354407,False
756090,TURTLEMINT-EQ,TURTLEMINT,,-1.000000,1,,NSE,1.000000,755632,False
756827,GROWWSLVR-EQ,GROWWSLVR,,-1.000000,1,,NSE,1.000000,4376226,False
756925,PRIMO-EQ,PRIMO,,-1.000000,1,,NSE,1.000000,4116684,False
757443,MOTOUR-EQ,MOTOUR,,-1.000000,1,,NSE,1.000000,92377,False
757725,LIQGRWBEES-EQ,LIQGRWBEES,,-1.000000,1,,NSE,1.000000,46183,False
757772,HDBFS-EQ,HDBFS,,-1.000000,1,,NSE,5.000000,144480,False
757781,TOP15IETF-EQ,TOP15IETF,,-1.000000,1,,NSE,1.000000,431728,False
757919,BORANA-EQ,BORANA,,-1.000000,1,,NSE,5.000000,303889,False
757965,SMARTWORKS-EQ,SMARTWORKS,,-1.000000,1,,NSE,5.000000,204643,False
758300,GROWWLOVOL-EQ,GROWWLOVOL,,-1.000000,1,,NSE,1.000000,123697,False
758667,MANUFGBEES-EQ,MANUFGBEES,,-1.000000,1,,NSE,1.000000,22986,False
758748,MEIL-EQ,MEIL,,-1.000000,1,,NSE,5.000000,363695,False
758858,CPPLUS-EQ,CPPLUS,,-1.000000,1,,NSE,10.000000,25573,False
758981,RNBDENIMS-EQ,RNBDENIMS,,-1.000000,1,,NSE,1.000000,8826394,False
759461,GEMAROMA-EQ,GEMAROMA,,-1.000000,1,,NSE,1.000000,586152,False
759428,GROWWRLTY-EQ,GROWWRLTY,,-1.000000,1,,NSE,1.000000,549719,False
759466,ELIQUID-EQ,ELIQUID,,-1.000000,1,,NSE,1.000000,21026,False
759806,GROWW-EQ,GROWW,,-1.000000,1,,NSE,1.000000,501887,False
759929,SOLARWORLD-EQ,SOLARWORLD,,-1.000000,1,,NSE,1.000000,619622,False
759978,MSCIADD-EQ,MSCIADD,,-1.000000,1,,NSE,1.000000,30406,False
760,CGPOWER-EQ,CGPOWER,,-1.000000,1,,NSE,5.000000,111823,True
759995,ESENSEX-EQ,ESENSEX,,-1.000000,1,,NSE,1.000000,61444,False
760001,MOSERVICE-EQ,MOSERVICE,,-1.000000,1,,NSE,1.000000,63765,False
760188,SRTL-EQ,SRTL,,-1.000000,1,,NSE,1.000000,1307182,False
760482,TWCGOLDETF-EQ,TWCGOLDETF,,-1.000000,1,,NSE,1.000000,55108,False
760599,NEXT50ADD-EQ,NEXT50ADD,,-1.000000,1,,NSE,1.000000,39959,False
761025,GICL-EQ,GICL,,-1.000000,1,,NSE,1.000000,3660915,False
760961,FRACTAL-EQ,FRACTAL,,-1.000000,1,,NSE,5.000000,121407,False
761364,BANK10ADD-EQ,BANK10ADD,,-1.000000,1,,NSE,1.000000,5906548,False
761420,SINGERIND-EQ,SINGERIND,,-1.000000,1,,NSE,1.000000,1095243,False
761494,BCPL-EQ,BCPL,,-1.000000,1,,NSE,1.000000,546862,False
761528,INNOVISION-EQ,INNOVISION,,-1.000000,1,,NSE,5.000000,346483,False
762163,CORDELIA-EQ,CORDELIA,,-1.000000,1,,NSE,5.000000,121116,False
762712,HBESD-EQ,HBESD,,-1.000000,1,,NSE,1.000000,750790,False
762782,MCCHRLS-B-EQ,MCCHRLS-B,,-1.000000,1,,NSE,5.000000,147065,False
762849,PREMCO-EQ,PREMCO,,-1.000000,1,,NSE,5.000000,108066,False
762904,SHINDL-EQ,SHINDL,,-1.000000,1,,NSE,1.000000,610412,False
762978,WPIL-EQ,WPIL,,-1.000000,1,,NSE,5.000000,233726,False
764180,LIQUIDBETA-EQ,LIQUIDBETA,,-1.000000,1,,NSE,1.000000,9933,False
764203,CPL-EQ,CPL,,-1.000000,1,,NSE,1.000000,1431412,False
764312,XTRANET-EQ,XTRANET,,-1.000000,1,,NSE,1.000000,640238,False
764357,MANIPALHOS-EQ,MANIPALHOS,,-1.000000,1,,NSE,5.000000,143376,False
764367,ELMDIV-EQ,ELMDIV,,-1.000000,1,,NSE,1.000000,183339,False
764402,MOMETAL-EQ,MOMETAL,,-1.000000,1,,NSE,1.000000,40875,False
764494,SWARAJ-EQ,SWARAJ,,-1.000000,1,,NSE,5.000000,270390,False
79,ALEMBICLTD-EQ,ALEMBICLTD,,-1.000000,1,,NSE,1.000000,1179142,False
7880,AUTOBEES-EQ,AUTOBEES,,-1.000000,1,,NSE,1.000000,327902,False
8654,MOLOWVOL-EQ,MOLOWVOL,,-1.000000,1,,NSE,1.000000,765643,False
8696,VRLLOG-EQ,VRLLOG,,-1.000000,1,,NSE,5.000000,332171,False
8825,PRIVISCL-EQ,PRIVISCL,,-1.000000,1,,NSE,10.000000,27890,False
8944,RITCO-EQ,RITCO,,-1.000000,1,,NSE,5.000000,331165,False
8953,ELDEHSG-EQ,ELDEHSG,,-1.000000,1,,NSE,5.000000,133276,False
9020,VCL-EQ,VCL,,-1.000000,1,,NSE,1.000000,6008697,False
9362,CAMPUS-EQ,CAMPUS,,-1.000000,1,,NSE,1.000000,456341,False
9436,AXISCADES-EQ,AXISCADES,,-1.000000,1,,NSE,10.000000,64774,False
955,ESABINDIA-EQ,ESABINDIA,,-1.000000,1,,NSE,50.000000,16593,False
9558,AKSHAR-EQ,AKSHAR,,-1.000000,1,,NSE,1.000000,25750219,False
9756,EMUDHRA-EQ,EMUDHRA,,-1.000000,1,,NSE,5.000000,191295,False
10181,BALKRISHNA-EQ,BALKRISHNA,,-1.000000,1,,NSE,1.000000,1053578,False
1038,FINCABLES-EQ,FINCABLES,,-1.000000,1,,NSE,5.000000,77999,False
10346,DGCONTENT-EQ,DGCONTENT,,-1.000000,1,,NSE,1.000000,1902717,False
104,SHAREINDIA-EQ,SHAREINDIA,,-1.000000,1,,NSE,1.000000,603322,False
10447,UNITDSPR-EQ,UNITDSPR,,-1.000000,1,,NSE,10.000000,64734,True
10530,SHARDAMOTR-EQ,SHARDAMOTR,,-1.000000,1,,NSE,5.000000,113552,False
10578,MPSLTD-EQ,MPSLTD,,-1.000000,1,,NSE,10.000000,34810,False
10585,MOM30IETF-EQ,MOM30IETF,,-1.000000,1,,NSE,1.000000,3147475,False
10619,HDFCNEXT50-EQ,HDFCNEXT50,,-1.000000,1,,NSE,1.000000,978477,False
10661,PONNIERODE-EQ,PONNIERODE,,-1.000000,1,,NSE,5.000000,281168,False
10768,OAL-EQ,OAL,,-1.000000,1,,NSE,5.000000,274242,False
10876,HDFCSILVER-EQ,HDFCSILVER,,-1.000000,1,,NSE,1.000000,448203,False
10925,GODREJIND-EQ,GODREJIND,,-1.000000,1,,NSE,10.000000,80833,False
11027,INFOBEAN-EQ,INFOBEAN,,-1.000000,1,,NSE,1.000000,613947,False
10993,INDORAMA-EQ,INDORAMA,,-1.000000,1,,NSE,1.000000,1719168,False
11140,SUMIT-EQ,SUMIT,,-1.000000,1,,NSE,1.000000,1564981,False
11155,CNL-EQ,CNL,,-1.000000,1,,NSE,5.000000,82831,False
1127,GHCL-EQ,GHCL,,-1.000000,1,,NSE,5.000000,231800,False
11233,SUVEN-EQ,SUVEN,,-1.000000,1,,NSE,5.000000,302487,False
11364,VAIBHAVGBL-EQ,VAIBHAVGBL,,-1.000000,1,,NSE,5.000000,429425,False
11432,KRITINUT-EQ,KRITINUT,,-1.000000,1,,NSE,1.000000,1175478,False
11435,SPANDANA-EQ,SPANDANA,,-1.000000,1,,NSE,5.000000,408150,False
11483,LT-EQ,LT,,-1.000000,1,,NSE,10.000000,24763,True
11549,TEXINFRA-EQ,TEXINFRA,,-1.000000,1,,NSE,1.000000,900141,False
11655,JBMA-EQ,JBMA,,-1.000000,1,,NSE,5.000000,159397,False
11779,ACEINTEG-EQ,ACEINTEG,,-1.000000,1,,NSE,1.000000,333540,False
11796,HPIL-EQ,HPIL,,-1.000000,1,,NSE,1.000000,373568,False
11813,SHOPERSTOP-EQ,SHOPERSTOP,,-1.000000,1,,NSE,5.000000,235887,False
11817,MANGALAM-EQ,MANGALAM,,-1.000000,1,,NSE,1.000000,517583,False
11864,PRIMESECU-EQ,PRIMESECU,,-1.000000,1,,NSE,5.000000,343340,False
11896,GEOJITFSL-EQ,GEOJITFSL,,-1.000000,1,,NSE,1.000000,1286752,False
11884,MANINDS-EQ,MANINDS,,-1.000000,1,,NSE,5.000000,166971,False
1204,PRAXIS-EQ,PRAXIS,,-1.000000,1,,NSE,1.000000,6076059,False
11992,SYNCOMF-EQ,SYNCOMF,,-1.000000,1,,NSE,1.000000,6297059,False
12009,IMPAL-EQ,IMPAL,,-1.000000,1,,NSE,10.000000,93325,False
12024,ACI-EQ,ACI,,-1.000000,1,,NSE,5.000000,197533,False
1205,GOODYEAR-EQ,GOODYEAR,,-1.000000,1,,NSE,5.000000,123313,False
12108,HDFCPVTBAN-EQ,HDFCPVTBAN,,-1.000000,1,,NSE,1.000000,3578998,False
12173,HNDFDS-EQ,HNDFDS,,-1.000000,1,,NSE,5.000000,167991,False
12489,SWSOLAR-EQ,SWSOLAR,,-1.000000,1,,NSE,1.000000,493686,False
12847,KRISHANA-EQ,KRISHANA,,-1.000000,1,,NSE,1.000000,536045,False
12913,SARVESHWAR-EQ,SARVESHWAR,,-1.000000,1,,NSE,1.000000,28901346,False
13035,SAFARI-EQ,SAFARI,,-1.000000,1,,NSE,10.000000,67368,False
13081,TRIVENI-EQ,TRIVENI,,-1.000000,1,,NSE,1.000000,412622,False
13086,AIAENG-EQ,AIAENG,,-1.000000,1,,NSE,10.000000,22023,False
1327,HCL-INSYS-EQ,HCL-INSYS,,-1.000000,1,,NSE,1.000000,8488677,False
13538,TECHM-EQ,TECHM,,-1.000000,1,,NSE,10.000000,60763,True
13580,RADIANTCMS-EQ,RADIANTCMS,,-1.000000,1,,NSE,1.000000,2625334,False
13620,ANANTRAJ-EQ,ANANTRAJ,,-1.000000,1,,NSE,5.000000,162664,False
13656,ALICON-EQ,ALICON,,-1.000000,1,,NSE,5.000000,129358,False
13776,GESHIP-EQ,GESHIP,,-1.000000,1,,NSE,10.000000,77950,False
13925,NFL-EQ,NFL,,-1.000000,1,,NSE,1.000000,1390299,False
13950,LIQUID1-EQ,LIQUID1,,-1.000000,1,,NSE,1.000000,89454,False
14003,ZEEMEDIA-EQ,ZEEMEDIA,,-1.000000,1,,NSE,1.000000,13985836,False
14086,IGPL-EQ,IGPL,,-1.000000,1,,NSE,5.000000,214116,False
14096,SIYSIL-EQ,SIYSIL,,-1.000000,1,,NSE,5.000000,158477,False
14154,UNOMINDA-EQ,UNOMINDA,,-1.000000,1,,NSE,10.000000,80858,True
14255,REDINGTON-EQ,REDINGTON,,-1.000000,1,,NSE,5.000000,293947,False
14501,BALAMINES-EQ,BALAMINES,,-1.000000,1,,NSE,10.000000,48050,False
14518,ABSLLIQUID-EQ,ABSLLIQUID,,-1.000000,1,,NSE,1.000000,13593,False
14547,NDLVENTURE-EQ,NDLVENTURE,,-1.000000,1,,NSE,1.000000,787208,False
14562,ZENITHSTL-EQ,ZENITHSTL,,-1.000000,1,,NSE,1.000000,4652570,False
14677,GUJAPOLLO-EQ,GUJAPOLLO,,-1.000000,1,,NSE,5.000000,287934,False
14772,101NSETEST-EQ,101NSETEST,,-1.000000,1,,NSE,5.000000,500000,False
14786,LOWVOL-EQ,LOWVOL,,-1.000000,1,,NSE,1.000000,68776,False
14813,ADSL-EQ,ADSL,,-1.000000,1,,NSE,1.000000,882978,False
14838,DECCANCE-EQ,DECCANCE,,-1.000000,1,,NSE,5.000000,181845,False
14894,CENTRALBK-EQ,CENTRALBK,,-1.000000,1,,NSE,1.000000,3195144,False
14912,KPRMILL-EQ,KPRMILL,,-1.000000,1,,NSE,10.000000,91606,False
14922,PURVA-EQ,PURVA,,-1.000000,1,,NSE,1.000000,470267,False
14942,NAGREEKCAP-EQ,NAGREEKCAP,,-1.000000,1,,NSE,1.000000,412520,False
14952,INDOWIND-EQ,INDOWIND,,-1.000000,1,,NSE,1.000000,5264770,False
15044,DELTACORP-EQ,DELTACORP,,-1.000000,1,,NSE,1.000000,1647060,False
15083,ADANIPORTS-EQ,ADANIPORTS,,-1.000000,1,,NSE,10.000000,59902,True
15151,MADHAV-EQ,MADHAV,,-1.000000,1,,NSE,1.000000,292566,False
15156,KALYANIFRG-EQ,KALYANIFRG,,-1.000000,1,,NSE,5.000000,118962,False
15199,MANAKSIA-EQ,MANAKSIA,,-1.000000,1,,NSE,1.000000,1711683,False
15229,LICNFNHGP-EQ,LICNFNHGP,,-1.000000,1,,NSE,1.000000,355734,False
15239,BIRLAMONEY-EQ,BIRLAMONEY,,-1.000000,1,,NSE,1.000000,749312,False
15266,JKIL-EQ,JKIL,,-1.000000,1,,NSE,5.000000,203464,False
15332,NMDC-EQ,NMDC,,-1.000000,1,,NSE,1.000000,1160519,True
15347,GSS-EQ,GSS,,-1.000000,1,,NSE,1.000000,855328,False
15377,PDMJEPAPER-EQ,PDMJEPAPER,,-1.000000,1,,NSE,1.000000,1105407,False
1594,INFY-EQ,INFY,,-1.000000,1,,NSE,10.000000,81145,True
1597,INGERRAND-EQ,INGERRAND,,-1.000000,1,,NSE,10.000000,23297,False
1660,ITC-EQ,ITC,,-1.000000,1,,NSE,5.000000,350825,True
16682,PTCIL-EQ,PTCIL,,-1.000000,1,,NSE,100.000000,5292,False
16713,UBL-EQ,UBL,,-1.000000,1,,NSE,10.000000,71918,False
16819,QNIFTY-EQ,QNIFTY,,-1.000000,1,,NSE,1.000000,78527,False
16827,KOKUYOCMLN-EQ,KOKUYOCMLN,,-1.000000,1,,NSE,1.000000,1221399,False
17032,THYROCARE-EQ,THYROCARE,,-1.000000,1,,NSE,5.000000,155504,False
17477,CONTROLPR-EQ,CONTROLPR,,-1.000000,1,,NSE,5.000000,176208,False
17520,RTNPOWER-EQ,RTNPOWER,,-1.000000,1,,NSE,1.000000,11830343,False
1756,JINDALPOLY-EQ,JINDALPOLY,,-1.000000,1,,NSE,5.000000,150012,False
17547,AMRUTANJAN-EQ,AMRUTANJAN,,-1.000000,1,,NSE,5.000000,204745,False
1008,FACT-EQ,FACT,,-1.000000,1,,NSE,5.000000,121649,False
10176,SETFNIF50-EQ,SETFNIF50,,-1.000000,1,,NSE,1.000000,378837,False
10407,KSHITIJPOL-EQ,KSHITIJPOL,,-1.000000,1,,NSE,1.000000,5043807,False
1053,UFLEX-EQ,UFLEX,,-1.000000,1,,NSE,5.000000,200892,False
10576,NIFTYBEES-EQ,NIFTYBEES,,-1.000000,1,,NSE,1.000000,358280,False
10637,OLECTRA-EQ,OLECTRA,,-1.000000,1,,NSE,10.000000,72231,False
10666,PNB-EQ,PNB,,-1.000000,1,,NSE,1.000000,838984,True
1073,FOSECOIND-EQ,FOSECOIND,,-1.000000,1,,NSE,50.000000,18074,False
1100,GARFIBRES-EQ,GARFIBRES,,-1.000000,1,,NSE,5.000000,130038,False
11037,BANKIETF-EQ,BANKIETF,,-1.000000,1,,NSE,1.000000,1692467,False
11058,SECURKLOUD-EQ,SECURKLOUD,,-1.000000,1,,NSE,1.000000,1092526,False
11082,LIBAS-EQ,LIBAS,,-1.000000,1,,NSE,1.000000,861467,False
11184,IDFCFIRSTB-EQ,IDFCFIRSTB,,-1.000000,1,,NSE,1.000000,1162785,True
11226,BAGFILMS-EQ,BAGFILMS,,-1.000000,1,,NSE,1.000000,6786811,False
11241,HDFCGROWTH-EQ,HDFCGROWTH,,-1.000000,1,,NSE,1.000000,55063,False
11275,TVTODAY-EQ,TVTODAY,,-1.000000,1,,NSE,1.000000,876651,False
11373,BIOCON-EQ,BIOCON,,-1.000000,1,,NSE,5.000000,233410,True
11407,XPROINDIA-EQ,XPROINDIA,,-1.000000,1,,NSE,10.000000,91557,False
11445,PILANIINVS-EQ,PILANIINVS,,-1.000000,1,,NSE,10.000000,22908,False
11511,CENTEXT-EQ,CENTEXT,,-1.000000,1,,NSE,1.000000,2616000,False
11522,NIITLTD-EQ,NIITLTD,,-1.000000,1,,NSE,1.000000,1067129,False
11530,EMIL-EQ,EMIL,,-1.000000,1,,NSE,1.000000,516332,False
11547,HDFCLOWVOL-EQ,HDFCLOWVOL,,-1.000000,1,,NSE,1.000000,559145,False
11573,FORCEMOT-EQ,FORCEMOT,,-1.000000,1,,NSE,100.000000,5187,True
11606,GUFICBIO-EQ,GUFICBIO,,-1.000000,1,,NSE,5.000000,235262,False
11618,ASTRAMICRO-EQ,ASTRAMICRO,,-1.000000,1,,NSE,10.000000,60005,False
11626,WELENT-EQ,WELENT,,-1.000000,1,,NSE,5.000000,174124,False
11763,JPPOWER-EQ,JPPOWER,,-1.000000,1,,NSE,1.000000,5633543,False
1190,FMGOETZE-EQ,FMGOETZE,,-1.000000,1,,NSE,5.000000,205226,False
11943,MCLEODRUSS-EQ,MCLEODRUSS,,-1.000000,1,,NSE,1.000000,2094233,False
11979,HTMEDIA-EQ,HTMEDIA,,-1.000000,1,,NSE,1.000000,3739684,False
1214,DELTAMAGNT-EQ,DELTAMAGNT,,-1.000000,1,,NSE,1.000000,354831,False
12863,V1NSETEST-EQ,V1NSETEST,,-1.000000,1,,NSE,5.000000,253100,False
13082,SILVER1-EQ,SILVER1,,-1.000000,1,,NSE,1.000000,4419610,False
13139,EBBETF0433-EQ,EBBETF0433,,-1.000000,1,,NSE,1.000000,75836,False
13175,NITINSPIN-EQ,NITINSPIN,,-1.000000,1,,NSE,5.000000,185919,False
13236,SADBHAV-EQ,SADBHAV,,-1.000000,1,,NSE,1.000000,5610365,False
13270,JKCEMENT-EQ,JKCEMENT,,-1.000000,1,,NSE,50.000000,18467,False
13310,KEI-EQ,KEI,,-1.000000,1,,NSE,10.000000,17303,True
1338,SDBL-EQ,SDBL,,-1.000000,1,,NSE,1.000000,1398457,False
13381,KKCL-EQ,KKCL,,-1.000000,1,,NSE,5.000000,190976,False
13611,IRCTC-EQ,IRCTC,,-1.000000,1,,NSE,5.000000,194400,False
1363,HINDALCO-EQ,HINDALCO,,-1.000000,1,,NSE,5.000000,92136,True
1372,HINDCOMPOS-EQ,HINDCOMPOS,,-1.000000,1,,NSE,5.000000,237692,False
13750,FLUOROCHEM-EQ,FLUOROCHEM,,-1.000000,1,,NSE,10.000000,21860,False
13786,TORNTPOWER-EQ,TORNTPOWER,,-1.000000,1,,NSE,10.000000,75585,False
13796,MANALIPETC-EQ,MANALIPETC,,-1.000000,1,,NSE,1.000000,1483837,False
13816,LTFOODS-EQ,LTFOODS,,-1.000000,1,,NSE,5.000000,234048,False
1394,HINDUNILVR-EQ,HINDUNILVR,,-1.000000,1,,NSE,10.000000,46991,True
13885,ARIHANT-EQ,ARIHANT,,-1.000000,1,,NSE,10.000000,91165,False
13966,HBLENGINE-EQ,HBLENGINE,,-1.000000,1,,NSE,5.000000,144418,False
14174,IZMO-EQ,IZMO,,-1.000000,1,,NSE,5.000000,104797,False
1424,HINDZINC-EQ,HINDZINC,,-1.000000,1,,NSE,5.000000,169012,True
14194,NINSYS-EQ,NINSYS,,-1.000000,1,,NSE,5.000000,138818,False
14299,PFC-EQ,PFC,,-1.000000,1,,NSE,5.000000,264008,True
14304,FSL-EQ,FSL,,-1.000000,1,,NSE,5.000000,363829,False
14346,ORIENTALTL-EQ,ORIENTALTL,,-1.000000,1,,NSE,1.000000,2403687,False
14413,PAGEIND-EQ,PAGEIND,,-1.000000,1,,NSE,500.000000,2610,True
14523,ICRA-EQ,ICRA,,-1.000000,1,,NSE,10.000000,19485,False
1455,BIRLANU-EQ,BIRLANU,,-1.000000,1,,NSE,10.000000,59957,False
1476,IDBI-EQ,IDBI,,-1.000000,1,,NSE,1.000000,1204269,False
14755,041NSETEST-EQ,041NSETEST,,-1.000000,1,,NSE,5.000000,500000,False
14782,151NSETEST-EQ,151NSETEST,,-1.000000,1,,NSE,5.000000,500000,False
15146,JYOTHYLAB-EQ,JYOTHYLAB,,-1.000000,1,,NSE,1.000000,499044,False
15337,RAIN-EQ,RAIN,,-1.000000,1,,NSE,1.000000,477274,False
15360,NAHARCAP-EQ,NAHARCAP,,-1.000000,1,,NSE,1.000000,390386,False
15555,HCG-EQ,HCG,,-1.000000,1,,NSE,5.000000,135715,False
157,APOLLOHOSP-EQ,APOLLOHOSP,,-1.000000,1,,NSE,50.000000,11502,True
1570,GMMPFAUDLR-EQ,GMMPFAUDLR,,-1.000000,1,,NSE,5.000000,100254,False
15883,HINDWAREAP-EQ,HINDWAREAP,,-1.000000,1,,NSE,1.000000,488076,False
1633,IPCALAB-EQ,IPCALAB,,-1.000000,1,,NSE,10.000000,56576,False
16639,KIRIINDUS-EQ,KIRIINDUS,,-1.000000,1,,NSE,5.000000,230173,False
16683,DIGISPICE-EQ,DIGISPICE,,-1.000000,1,,NSE,1.000000,5827352,False
16719,ALMONDZ-EQ,ALMONDZ,,-1.000000,1,,NSE,1.000000,5719222,False
16908,TOUCHWOOD-EQ,TOUCHWOOD,,-1.000000,1,,NSE,1.000000,362356,False
17044,SHARIABEES-EQ,SHARIABEES,,-1.000000,1,,NSE,1.000000,40958,False
17140,IDEAFORGE-EQ,IDEAFORGE,,-1.000000,1,,NSE,5.000000,123369,False
17397,PREMEXPLN-EQ,PREMEXPLN,,-1.000000,1,,NSE,5.000000,153541,False
17675,ALOKINDS-EQ,ALOKINDS,,-1.000000,1,,NSE,1.000000,8485595,False
1802,JYOTISTRUC-EQ,JYOTISTRUC,,-1.000000,1,,NSE,1.000000,9049135,False
17957,MMTC-EQ,MMTC,,-1.000000,1,,NSE,1.000000,1551000,False
10217,ADANIENSOL-EQ,ADANIENSOL,,-1.000000,1,,NSE,10.000000,62466,True
10227,MANORAMA-EQ,MANORAMA,,-1.000000,1,,NSE,10.000000,61481,False
10473,POWERMECH-EQ,POWERMECH,,-1.000000,1,,NSE,10.000000,41543,False
10579,MARKSANS-EQ,MARKSANS,,-1.000000,1,,NSE,5.000000,319568,False
10580,TCI-EQ,TCI,,-1.000000,1,,NSE,5.000000,109436,False
10588,SHREEPUSHK-EQ,SHREEPUSHK,,-1.000000,1,,NSE,5.000000,249420,False
10690,NIFTYQLITY-EQ,NIFTYQLITY,,-1.000000,1,,NSE,1.000000,392603,False
1085,GABRIEL-EQ,GABRIEL,,-1.000000,1,,NSE,10.000000,67656,False
10871,GRMOVER-EQ,GRMOVER,,-1.000000,1,,NSE,1.000000,1094276,False
11212,SHK-EQ,SHK,,-1.000000,1,,NSE,1.000000,585104,False
1134,APOLLO-EQ,APOLLO,,-1.000000,1,,NSE,5.000000,262976,False
11374,TIPSFILMS-EQ,TIPSFILMS,,-1.000000,1,,NSE,5.000000,141358,False
11403,POONAWALLA-EQ,POONAWALLA,,-1.000000,1,,NSE,5.000000,206032,False
11457,NV20-EQ,NV20,,-1.000000,1,,NSE,1.000000,1825057,False
1164,NEWGEN-EQ,NEWGEN,,-1.000000,1,,NSE,5.000000,186830,False
11580,WESTLIFE-EQ,WESTLIFE,,-1.000000,1,,NSE,5.000000,168099,False
1168,GMBREW-EQ,GMBREW,,-1.000000,1,,NSE,5.000000,111584,False
11667,DWARKESH-EQ,DWARKESH,,-1.000000,1,,NSE,1.000000,2406139,False
11804,SUKHJITS-EQ,SUKHJITS,,-1.000000,1,,NSE,1.000000,618912,False
1186,GLAND-EQ,GLAND,,-1.000000,1,,NSE,10.000000,34476,False
11809,IIFL-EQ,IIFL,,-1.000000,1,,NSE,5.000000,159496,False
11856,SHAHALLOYS-EQ,SHAHALLOYS,,-1.000000,1,,NSE,1.000000,647379,False
11895,DCXINDIA-EQ,DCXINDIA,,-1.000000,1,,NSE,1.000000,564840,False
11909,SWELECTES-EQ,SWELECTES,,-1.000000,1,,NSE,5.000000,144811,False
1250,CASTROLIND-EQ,CASTROLIND,,-1.000000,1,,NSE,1.000000,530169,False
12490,VINNY-EQ,VINNY,,-1.000000,1,,NSE,1.000000,15213564,False
1270,AMBUJACEM-EQ,AMBUJACEM,,-1.000000,1,,NSE,5.000000,236057,True
12686,MBAPL-EQ,MBAPL,,-1.000000,1,,NSE,1.000000,603311,False
128,ROUTE-EQ,ROUTE,,-1.000000,1,,NSE,5.000000,192789,False
12978,NPBET-EQ,NPBET,,-1.000000,1,,NSE,1.000000,22360,False
13126,REPRO-EQ,REPRO,,-1.000000,1,,NSE,5.000000,315497,False
13275,INDOTECH-EQ,INDOTECH,,-1.000000,1,,NSE,10.000000,28249,False
13337,GALLANTT-EQ,GALLANTT,,-1.000000,1,,NSE,5.000000,169137,False
13451,RATNAMANI-EQ,RATNAMANI,,-1.000000,1,,NSE,10.000000,44578,False
13501,ALLCARGO-EQ,ALLCARGO,,-1.000000,1,,NSE,1.000000,9415035,False
13560,GRINDWELL-EQ,GRINDWELL,,-1.000000,1,,NSE,10.000000,47388,False
13644,BANKADD-EQ,BANKADD,,-1.000000,1,,NSE,1.000000,1698070,False
1375,HCC-EQ,HCC,,-1.000000,1,,NSE,1.000000,4987467,False
13702,VISHWARAJ-EQ,VISHWARAJ,,-1.000000,1,,NSE,1.000000,7122965,False
13725,DCBBANK-EQ,DCBBANK,,-1.000000,1,,NSE,1.000000,531105,False
13826,SOBHA-EQ,SOBHA,,-1.000000,1,,NSE,10.000000,74959,False
13870,KUANTUM-EQ,KUANTUM,,-1.000000,1,,NSE,1.000000,1175353,False
13875,JINDRILL-EQ,JINDRILL,,-1.000000,1,,NSE,5.000000,167858,False
13987,ABSLBANETF-EQ,ABSLBANETF,,-1.000000,1,,NSE,1.000000,1695697,False
1403,HINDOILEXP-EQ,HINDOILEXP,,-1.000000,1,,NSE,1.000000,615829,False
14150,BTML-EQ,BTML,,-1.000000,1,,NSE,1.000000,5941517,False
14180,NSLNISP-EQ,NSLNISP,,-1.000000,1,,NSE,1.000000,2271219,False
14198,TIMKEN-EQ,TIMKEN,,-1.000000,1,,NSE,10.000000,30839,False
14233,HDFCSML250-EQ,HDFCSML250,,-1.000000,1,,NSE,1.000000,539594,False
14236,HDFCMID150-EQ,HDFCMID150,,-1.000000,1,,NSE,1.000000,2793815,False
14286,GOLDETF-EQ,GOLDETF,,-1.000000,1,,NSE,1.000000,679979,False
14309,INDIANB-EQ,INDIANB,,-1.000000,1,,NSE,5.000000,110451,True
14445,NAHARPOLY-EQ,NAHARPOLY,,-1.000000,1,,NSE,5.000000,400071,False
14480,GOKULAGRO-EQ,GOKULAGRO,,-1.000000,1,,NSE,1.000000,422564,False
14490,NCLIND-EQ,NCLIND,,-1.000000,1,,NSE,1.000000,577260,False
14535,GOLDBETA-EQ,GOLDBETA,,-1.000000,1,,NSE,5.000000,785339,False
14687,GOACARBON-EQ,GOACARBON,,-1.000000,1,,NSE,5.000000,270157,False
14707,TIMETECHNO-EQ,TIMETECHNO,,-1.000000,1,,NSE,1.000000,479319,False
14742,SENSEXAXIS-EQ,SENSEXAXIS,,-1.000000,1,,NSE,1.000000,522553,False
14762,061NSETEST-EQ,061NSETEST,,-1.000000,1,,NSE,5.000000,500000,False
14778,131NSETEST-EQ,131NSETEST,,-1.000000,1,,NSE,5.000000,500000,False
14781,141NSETEST-EQ,141NSETEST,,-1.000000,1,,NSE,5.000000,500000,False
14848,ALPA-EQ,ALPA,,-1.000000,1,,NSE,1.000000,688027,False
14871,USK-EQ,USK,,-1.000000,1,,NSE,1.000000,1810178,False
14982,CENTUM-EQ,CENTUM,,-1.000000,1,,NSE,10.000000,26344,False
15017,MAANALU-EQ,MAANALU,,-1.000000,1,,NSE,1.000000,799898,False
15034,BAJAJELEC-EQ,BAJAJELEC,,-1.000000,1,,NSE,5.000000,274750,False
15073,BVCL-EQ,BVCL,,-1.000000,1,,NSE,1.000000,724632,False
15129,RGL-EQ,RGL,,-1.000000,1,,NSE,1.000000,907829,False
15180,KIRLPNU-EQ,KIRLPNU,,-1.000000,1,,NSE,10.000000,66647,False
15362,VGUARD-EQ,VGUARD,,-1.000000,1,,NSE,5.000000,301017,False
15380,MANKIND-EQ,MANKIND,,-1.000000,1,,NSE,10.000000,40886,True
16249,CCAVENUE-EQ,CCAVENUE,,-1.000000,1,,NSE,1.000000,6229977,False
163,APOLLOTYRE-EQ,APOLLOTYRE,,-1.000000,1,,NSE,5.000000,224190,False
166,ANDHRAPAP-EQ,ANDHRAPAP,,-1.000000,1,,NSE,1.000000,1683068,False
16657,ANIKINDS-EQ,ANIKINDS,,-1.000000,1,,NSE,1.000000,907538,False
16996,TPHQ-EQ,TPHQ,,-1.000000,1,,NSE,1.000000,35846380,False
17105,SUMICHEM-EQ,SUMICHEM,,-1.000000,1,,NSE,5.000000,182687,False
17152,MIDCAPIETF-EQ,MIDCAPIETF,,-1.000000,1,,NSE,1.000000,4118523,False
17433,NETWEB-EQ,NETWEB,,-1.000000,1,,NSE,10.000000,20669,False
17507,INCREDIBLE-EQ,INCREDIBLE,,-1.000000,1,,NSE,1.000000,1529174,False
17534,MGL-EQ,MGL,,-1.000000,1,,NSE,10.000000,89393,False
17801,LLOYDSENGG-EQ,LLOYDSENGG,,-1.000000,1,,NSE,1.000000,1080960,False
17818,LTM-EQ,LTM,,-1.000000,1,,NSE,10.000000,20763,True
17881,DBCORP-EQ,DBCORP,,-1.000000,1,,NSE,1.000000,471127,False
17945,COHANCE-EQ,COHANCE,,-1.000000,1,,NSE,5.000000,224949,False
17971,SBICARD-EQ,SBICARD,,-1.000000,1,,NSE,5.000000,152257,True
1808,KAJARIACER-EQ,KAJARIACER,,-1.000000,1,,NSE,10.000000,79795,False
18060,CONCORDBIO-EQ,CONCORDBIO,,-1.000000,1,,NSE,10.000000,69151,False
18124,DBREALTY-EQ,DBREALTY,,-1.000000,1,,NSE,1.000000,882495,False
17794,SOMICONVEY-EQ,SOMICONVEY,,-1.000000,1,,NSE,1.000000,385194,False
17808,QUAL30IETF-EQ,QUAL30IETF,,-1.000000,1,,NSE,1.000000,2181906,False
17922,GEEKAYWIRE-EQ,GEEKAYWIRE,,-1.000000,1,,NSE,1.000000,3417804,False
18226,MANINFRA-EQ,MANINFRA,,-1.000000,1,,NSE,1.000000,921166,False
18250,PYRAMID-EQ,PYRAMID,,-1.000000,1,,NSE,1.000000,615667,False
18321,LGBBROSLTD-EQ,LGBBROSLTD,,-1.000000,1,,NSE,10.000000,62381,False
18743,SIGNATURE-EQ,SIGNATURE,,-1.000000,1,,NSE,5.000000,123649,False
18760,YATRA-EQ,YATRA,,-1.000000,1,,NSE,1.000000,840286,False
18889,KSL-EQ,KSL,,-1.000000,1,,NSE,5.000000,116771,False
19015,MVGJL-EQ,MVGJL,,-1.000000,1,,NSE,1.000000,641464,False
1901,CUMMINSIND-EQ,CUMMINSIND,,-1.000000,1,,NSE,50.000000,18572,True
19073,AARVI-EQ,AARVI,,-1.000000,1,,NSE,1.000000,485402,False
1927,LIQUIDETF-EQ,LIQUIDETF,,-1.000000,1,,NSE,1.000000,99997,False
19322,HISARMETAL-EQ,HISARMETAL,,-1.000000,1,,NSE,1.000000,176580,False
19410,ROSSARI-EQ,ROSSARI,,-1.000000,1,,NSE,5.000000,197858,False
19438,AHLEAST-EQ,AHLEAST,,-1.000000,1,,NSE,1.000000,565438,False
1964,TRENT-EQ,TRENT,,-1.000000,1,,NSE,10.000000,33061,True
19795,CELLO-EQ,CELLO,,-1.000000,1,,NSE,5.000000,266608,False
19933,EGOLD-EQ,EGOLD,,-1.000000,1,,NSE,5.000000,661786,False
20072,INFRABEES-EQ,INFRABEES,,-1.000000,1,,NSE,1.000000,62773,False
20203,URJA-EQ,URJA,,-1.000000,1,,NSE,1.000000,10514847,False
20261,IREDA-EQ,IREDA,,-1.000000,1,,NSE,1.000000,848387,True
20374,COALINDIA-EQ,COALINDIA,,-1.000000,1,,NSE,5.000000,240346,True
20481,WIPL-EQ,WIPL,,-1.000000,1,,NSE,1.000000,277536,False
20778,JAMNAAUTO-EQ,JAMNAAUTO,,-1.000000,1,,NSE,1.000000,807968,False
20788,MOTISONS-EQ,MOTISONS,,-1.000000,1,,NSE,1.000000,7352842,False
20825,HUDCO-EQ,HUDCO,,-1.000000,1,,NSE,1.000000,518492,False
20854,HAPPYFORGE-EQ,HAPPYFORGE,,-1.000000,1,,NSE,10.000000,49345,False
20956,SUNCLAY-EQ,SUNCLAY,,-1.000000,1,,NSE,10.000000,84128,False
21195,GTPL-EQ,GTPL,,-1.000000,1,,NSE,1.000000,1853840,False
21314,DYNPRO-EQ,DYNPRO,,-1.000000,1,,NSE,5.000000,381526,False
21469,OPTIEMUS-EQ,OPTIEMUS,,-1.000000,1,,NSE,5.000000,179062,False
21578,COMSYN-EQ,COMSYN,,-1.000000,1,,NSE,1.000000,371362,False
21705,MEDIASSIST-EQ,MEDIASSIST,,-1.000000,1,,NSE,5.000000,284016,False
21704,DCAL-EQ,DCAL,,-1.000000,1,,NSE,1.000000,523028,False
21770,ICICIGI-EQ,ICICIGI,,-1.000000,1,,NSE,10.000000,60899,True
21808,SBILIFE-EQ,SBILIFE,,-1.000000,1,,NSE,10.000000,54171,True
22255,NDRAUTO-EQ,NDRAUTO,,-1.000000,1,,NSE,5.000000,123469,False
22433,HDFCNIFBAN-EQ,HDFCNIFBAN,,-1.000000,1,,NSE,1.000000,1688391,False
22521,GILT5BETA-EQ,GILT5BETA,,-1.000000,1,,NSE,1.000000,128953,False
22717,ENTERO-EQ,ENTERO,,-1.000000,1,,NSE,10.000000,70368,False
2277,MRF-EQ,MRF,,-1.000000,1,,NSE,500.000000,763,False
22832,SMALLCAP-EQ,SMALLCAP,,-1.000000,1,,NSE,1.000000,2062623,False
23184,MOREALTY-EQ,MOREALTY,,-1.000000,1,,NSE,1.000000,957783,False
2320,SMCGLOBAL-EQ,SMCGLOBAL,,-1.000000,1,,NSE,1.000000,1264985,False
23365,AQYLON-EQ,AQYLON,,-1.000000,1,,NSE,1.000000,4137330,False
235,AAKASH-EQ,AAKASH,,-1.000000,1,,NSE,1.000000,3310875,False
23553,AIIL-EQ,AIIL,,-1.000000,1,,NSE,5.000000,180035,False
23647,FILATFASH-EQ,FILATFASH,,-1.000000,1,,NSE,1.000000,272524178,False
23740,TBOTEK-EQ,TBOTEK,,-1.000000,1,,NSE,10.000000,62546,False
23855,MIDSMALL-EQ,MIDSMALL,,-1.000000,1,,NSE,1.000000,1910528,False
24014,BOROSCI-EQ,BOROSCI,,-1.000000,1,,NSE,1.000000,749556,False
24067,IXIGO-EQ,IXIGO,,-1.000000,1,,NSE,1.000000,560619,False
24184,PIIND-EQ,PIIND,,-1.000000,1,,NSE,10.000000,40205,True
24231,OMINFRAL-EQ,OMINFRAL,,-1.000000,1,,NSE,1.000000,1132629,False
2439,NKIND-EQ,NKIND,,-1.000000,1,,NSE,1.000000,196523,False
24532,FILATEX-EQ,FILATEX,,-1.000000,1,,NSE,1.000000,1200289,False
2463,MIDHANI-EQ,MIDHANI,,-1.000000,1,,NSE,5.000000,244666,False
24610,AVANTEL-EQ,AVANTEL,,-1.000000,1,,NSE,1.000000,631860,False
2492,SILGO-EQ,SILGO,,-1.000000,1,,NSE,1.000000,1284790,False
24814,FIRSTCRY-EQ,FIRSTCRY,,-1.000000,1,,NSE,1.000000,466205,False
24944,MODEFENCE-EQ,MODEFENCE,,-1.000000,1,,NSE,1.000000,949465,False
2514,OSWALAGRO-EQ,OSWALAGRO,,-1.000000,1,,NSE,1.000000,2673688,False
25134,GALAPREC-EQ,GALAPREC,,-1.000000,1,,NSE,10.000000,100639,False
25262,TOLINS-EQ,TOLINS,,-1.000000,1,,NSE,1.000000,994002,False
25403,WCIL-EQ,WCIL,,-1.000000,1,,NSE,1.000000,1168304,False
25447,GROWWLIQID-EQ,GROWWLIQID,,-1.000000,1,,NSE,1.000000,414472,False
25724,RUPA-EQ,RUPA,,-1.000000,1,,NSE,1.000000,642637,False
25725,BANKPSU-EQ,BANKPSU,,-1.000000,1,,NSE,1.000000,184632,False
25744,METAL-EQ,METAL,,-1.000000,1,,NSE,1.000000,7558546,False
25844,HYUNDAI-EQ,HYUNDAI,,-1.000000,1,,NSE,10.000000,43877,True
27052,SAGILITY-EQ,SAGILITY,,-1.000000,1,,NSE,1.000000,2307894,False
27097,NIVABUPA-EQ,NIVABUPA,,-1.000000,1,,NSE,1.000000,1188107,False
27213,EIEL-EQ,EIEL,,-1.000000,1,,NSE,1.000000,492186,False
27353,ROSSTECH-EQ,ROSSTECH,,-1.000000,1,,NSE,5.000000,91753,False
278,AUTOAXLES-EQ,AUTOAXLES,,-1.000000,1,,NSE,10.000000,55596,False
2809,RAJSREESUG-EQ,RAJSREESUG,,-1.000000,1,,NSE,1.000000,1083534,False
2829,ANURAS-EQ,ANURAS,,-1.000000,1,,NSE,10.000000,82995,False
28714,TRANSRAILL-EQ,TRANSRAILL,,-1.000000,1,,NSE,5.000000,214004,False
29124,PCJEWELLER-EQ,PCJEWELLER,,-1.000000,1,,NSE,1.000000,10201307,False
29135,INDUSTOWER-EQ,INDUSTOWER,,-1.000000,1,,NSE,5.000000,258539,True
29284,VMART-EQ,VMART,,-1.000000,1,,NSE,5.000000,124810,False
29452,AGARWALEYE-EQ,AGARWALEYE,,-1.000000,1,,NSE,5.000000,195261,False
29666,HEXT-EQ,HEXT,,-1.000000,1,,NSE,5.000000,175972,False
30065,MOCAPITAL-EQ,MOCAPITAL,,-1.000000,1,,NSE,1.000000,1594125,False
30244,BHARATSE-EQ,BHARATSE,,-1.000000,1,,NSE,1.000000,424967,False
30249,ISHANCH-EQ,ISHANCH,,-1.000000,1,,NSE,1.000000,892853,False
30290,SBIBPB-EQ,SBIBPB,,-1.000000,1,,NSE,1.000000,1999852,False
3045,SBIN-EQ,SBIN,,-1.000000,1,,NSE,10.000000,92306,True
30469,MID150-EQ,MID150,,-1.000000,1,,NSE,1.000000,185716,False
30472,AONELIQUID-EQ,AONELIQUID,,-1.000000,1,,NSE,1.000000,92242,False
308,BAJAJHIND-EQ,BAJAJHIND,,-1.000000,1,,NSE,1.000000,5594158,False
3078,SHANTIGEAR-EQ,SHANTIGEAR,,-1.000000,1,,NSE,5.000000,250477,False
31017,THOMASCOTT-EQ,THOMASCOTT,,-1.000000,1,,NSE,5.000000,296282,False
3252,SPIC-EQ,SPIC,,-1.000000,1,,NSE,1.000000,1487999,False
3321,SPMLINFRA-EQ,SPMLINFRA,,-1.000000,1,,NSE,1.000000,522546,False
34,ADOR-EQ,ADOR,,-1.000000,1,,NSE,10.000000,67609,False
338,BALMLAWRIE-EQ,BALMLAWRIE,,-1.000000,1,,NSE,1.000000,573204,False
3403,AJOONI-EQ,AJOONI,,-1.000000,1,,NSE,1.000000,5632365,False
3411,TATAELXSI-EQ,TATAELXSI,,-1.000000,1,,NSE,10.000000,26912,True
3426,TATAPOWER-EQ,TATAPOWER,,-1.000000,1,,NSE,5.000000,262017,True
3507,MAFANG-EQ,MAFANG,,-1.000000,1,,NSE,1.000000,575228,False
3435,BBOX-EQ,BBOX,,-1.000000,1,,NSE,5.000000,129469,False
3637,JUBLPHARMA-EQ,JUBLPHARMA,,-1.000000,1,,NSE,5.000000,112133,False
380,BBTC-EQ,BBTC,,-1.000000,1,,NSE,10.000000,67050,False
3761,RITES-EQ,RITES,,-1.000000,1,,NSE,1.000000,446961,False
3736,WALCHANNAG-EQ,WALCHANNAG,,-1.000000,1,,NSE,1.000000,430525,False
3827,ZUARIIND-EQ,ZUARIIND,,-1.000000,1,,NSE,5.000000,375987,False
3912,KHAITANLTD-EQ,KHAITANLTD,,-1.000000,1,,NSE,1.000000,155325,False
4,21STCENMGM-EQ,21STCENMGM,,-1.000000,1,,NSE,1.000000,343350,False
399,NIACL-EQ,NIACL,,-1.000000,1,,NSE,1.000000,552080,False
4007,CORALFINAC-EQ,CORALFINAC,,-1.000000,1,,NSE,1.000000,1317882,False
4040,EIMCOELECO-EQ,EIMCOELECO,,-1.000000,1,,NSE,10.000000,55705,False
4055,PANACEABIO-EQ,PANACEABIO,,-1.000000,1,,NSE,5.000000,250086,False
4037,AUSOMENT-EQ,AUSOMENT,,-1.000000,1,,NSE,1.000000,445490,False
4422,INDIANCARD-EQ,INDIANCARD,,-1.000000,1,,NSE,1.000000,194274,False
4568,ATLASCYCLE-EQ,ATLASCYCLE,,-1.000000,1,,NSE,1.000000,212675,False
4684,SONACOMS-EQ,SONACOMS,,-1.000000,1,,NSE,5.000000,123783,True
4749,CONCOR-EQ,CONCOR,,-1.000000,1,,NSE,5.000000,194974,True
48,HAPPSTMNDS-EQ,HAPPSTMNDS,,-1.000000,1,,NSE,5.000000,256278,False
495,BLUEDART-EQ,BLUEDART,,-1.000000,1,,NSE,50.000000,19623,False
5049,CLEAN-EQ,CLEAN,,-1.000000,1,,NSE,5.000000,124137,False
5143,JAICORPLTD-EQ,JAICORPLTD,,-1.000000,1,,NSE,1.000000,960012,False
5194,ANTGRAPHIC-EQ,ANTGRAPHIC,,-1.000000,1,,NSE,1.000000,5068813,False
5220,BFSI-EQ,BFSI,,-1.000000,1,,NSE,1.000000,3636281,False
5366,WINDLAS-EQ,WINDLAS,,-1.000000,1,,NSE,5.000000,111765,False
5382,EPIGRAL-EQ,EPIGRAL,,-1.000000,1,,NSE,10.000000,90812,False
5394,MOL-EQ,MOL,,-1.000000,1,,NSE,1.000000,1745358,False
5507,SERVOTECH-EQ,SERVOTECH,,-1.000000,1,,NSE,1.000000,1201271,False
5549,ABMINTLLTD-EQ,ABMINTLLTD,,-1.000000,1,,NSE,1.000000,307641,False
595,CARBORUNIV-EQ,CARBORUNIV,,-1.000000,1,,NSE,10.000000,86484,False
5926,INTELLECT-EQ,INTELLECT,,-1.000000,1,,NSE,5.000000,142110,False
6227,DTIL-EQ,DTIL,,-1.000000,1,,NSE,1.000000,343592,False
6262,SELMC-EQ,SELMC,,-1.000000,1,,NSE,1.000000,1083504,False
701,HEMIPROP-EQ,HEMIPROP,,-1.000000,1,,NSE,1.000000,745560,False
6943,TARSONS-EQ,TARSONS,,-1.000000,1,,NSE,5.000000,319663,False
6994,BSOFT-EQ,BSOFT,,-1.000000,1,,NSE,5.000000,318916,False
703,DICIND-EQ,DICIND,,-1.000000,1,,NSE,5.000000,197705,False
7030,ASIANENE-EQ,ASIANENE,,-1.000000,1,,NSE,5.000000,246406,False
7211,JETFREIGHT-EQ,JETFREIGHT,,-1.000000,1,,NSE,1.000000,1517403,False
7325,DCMSRIND-EQ,DCMSRIND,,-1.000000,1,,NSE,1.000000,2326605,False
7339,ABSLNN50ET-EQ,ABSLNN50ET,,-1.000000,1,,NSE,1.000000,231361,False
7353,SETFNN50-EQ,SETFNN50,,-1.000000,1,,NSE,1.000000,124917,False
7463,MANAKSTEEL-EQ,MANAKSTEEL,,-1.000000,1,,NSE,1.000000,1208447,False
751745,SMALLGROWW-EQ,SMALLGROWW,,-1.000000,1,,NSE,1.000000,47309,False
7553,NRBBEARING-EQ,NRBBEARING,,-1.000000,1,,NSE,5.000000,216525,False
756038,WAAREERTL-EQ,WAAREERTL,,-1.000000,1,,NSE,5.000000,111754,False
756900,MON50EQUAL-EQ,MON50EQUAL,,-1.000000,1,,NSE,1.000000,1298517,False
757478,SCODATUBES-EQ,SCODATUBES,,-1.000000,1,,NSE,1.000000,748322,False
757645,ATHERENERG-EQ,ATHERENERG,,-1.000000,1,,NSE,10.000000,63598,False
757850,CRIZAC-EQ,CRIZAC,,-1.000000,1,,NSE,1.000000,547870,False
758904,AONEGOLD-EQ,AONEGOLD,,-1.000000,1,,NSE,1.000000,2026112,False
758968,AHCL-EQ,AHCL,,-1.000000,1,,NSE,1.000000,7027159,False
759048,GKENERGY-EQ,GKENERGY,,-1.000000,1,,NSE,1.000000,780846,False
759079,DEVX-EQ,DEVX,,-1.000000,1,,NSE,1.000000,2857952,False
759103,HILINFRA-EQ,HILINFRA,,-1.000000,1,,NSE,1.000000,2224128,False
759256,BMWVENTLTD-EQ,BMWVENTLTD,,-1.000000,1,,NSE,1.000000,1708805,False
759368,FLEXIADD-EQ,FLEXIADD,,-1.000000,1,,NSE,1.000000,474627,False
759371,MONIFTY100-EQ,MONIFTY100,,-1.000000,1,,NSE,1.000000,214512,False
759488,MOMENTUM30-EQ,MOMENTUM30,,-1.000000,1,,NSE,1.000000,351941,False
759605,LENSKART-EQ,LENSKART,,-1.000000,1,,NSE,5.000000,170394,False
759867,CAPILLARY-EQ,CAPILLARY,,-1.000000,1,,NSE,5.000000,189143,False
760242,PNGSREVA-EQ,PNGSREVA,,-1.000000,1,,NSE,5.000000,161091,False
760594,BUILDPRO-EQ,BUILDPRO,,-1.000000,1,,NSE,10.000000,80459,False
760726,BHARATCOAL-EQ,BHARATCOAL,,-1.000000,1,,NSE,1.000000,2957195,False
761037,CEINSYS-EQ,CEINSYS,,-1.000000,1,,NSE,5.000000,133582,False
761197,GKSL-EQ,GKSL,,-1.000000,1,,NSE,1.000000,750903,False
761506,HSBCGOLD-EQ,HSBCGOLD,,-1.000000,1,,NSE,1.000000,759948,False
761693,MOBANK10-EQ,MOBANK10,,-1.000000,1,,NSE,1.000000,112815,False
762528,ABMKNO-EQ,ABMKNO,,-1.000000,1,,NSE,1.000000,501695,False
762573,BEEKAY-EQ,BEEKAY,,-1.000000,1,,NSE,5.000000,229532,False
762583,BI-EQ,BI,,-1.000000,1,,NSE,1.000000,769929,False
762732,KAMAHOLD-EQ,KAMAHOLD,,-1.000000,1,,NSE,10.000000,40081,False
762737,KANCHI-EQ,KANCHI,,-1.000000,1,,NSE,5.000000,142045,False
762757,KPL-EQ,KPL,,-1.000000,1,,NSE,10.000000,30173,False
762797,METROGLOBL-EQ,METROGLOBL,,-1.000000,1,,NSE,1.000000,403334,False
762824,NITTAGELA-EQ,NITTAGELA,,-1.000000,1,,NSE,10.000000,63181,False
763753,CSM-EQ,CSM,,-1.000000,1,,NSE,1.000000,982375,False
764173,SBIFUNDS-EQ,SBIFUNDS,,-1.000000,1,,NSE,5.000000,175167,False
764198,MOMMIDCAP-EQ,MOMMIDCAP,,-1.000000,1,,NSE,1.000000,1257249,False
764378,EBANK10-EQ,EBANK10,,-1.000000,1,,NSE,1.000000,405065,False
764480,ARDEE-EQ,ARDEE,,-1.000000,1,,NSE,1.000000,1489639,False
7848,BIL-EQ,BIL,,-1.000000,1,,NSE,5.000000,121860,False
7902,LFIC-EQ,LFIC,,-1.000000,1,,NSE,1.000000,98100,False
8024,CINEVISTA-EQ,CINEVISTA,,-1.000000,1,,NSE,1.000000,1878172,False
8077,MIDCAP-EQ,MIDCAP,,-1.000000,1,,NSE,1.000000,3666108,False
811,DCMSHRIRAM-EQ,DCMSHRIRAM,,-1.000000,1,,NSE,10.000000,100582,False
8266,SOFTTECH-EQ,SOFTTECH,,-1.000000,1,,NSE,5.000000,243095,False
8342,GSEC5IETF-EQ,GSEC5IETF,,-1.000000,1,,NSE,1.000000,102313,False
8506,MID150BEES-EQ,MID150BEES,,-1.000000,1,,NSE,1.000000,412096,False
8510,GATEWAY-EQ,GATEWAY,,-1.000000,1,,NSE,1.000000,1821201,False
8529,GMRP&UI-EQ,GMRP&UI,,-1.000000,1,,NSE,1.000000,1033286,False
8596,MSUMI-EQ,MSUMI,,-1.000000,1,,NSE,1.000000,2433819,False
8614,INDOBORAX-EQ,INDOBORAX,,-1.000000,1,,NSE,5.000000,222672,False
8727,SHAILY-EQ,SHAILY,,-1.000000,1,,NSE,10.000000,29114,False
8827,AVROIND-EQ,AVROIND,,-1.000000,1,,NSE,1.000000,4387404,False
8968,HARIOMPIPE-EQ,HARIOMPIPE,,-1.000000,1,,NSE,5.000000,254644,False
9111,ARVINDFASN-EQ,ARVINDFASN,,-1.000000,1,,NSE,5.000000,225033,False
9385,PNCINFRA-EQ,PNCINFRA,,-1.000000,1,,NSE,1.000000,447660,False
958,ESCORTS-EQ,ESCORTS,,-1.000000,1,,NSE,10.000000,31885,False
9539,SAKAR-EQ,SAKAR,,-1.000000,1,,NSE,5.000000,106844,False
9668,HIKAL-EQ,HIKAL,,-1.000000,1,,NSE,1.000000,469775,False
9678,SOUTHWEST-EQ,SOUTHWEST,,-1.000000,1,,NSE,1.000000,456339,False
9819,HAVELLS-EQ,HAVELLS,,-1.000000,1,,NSE,10.000000,78445,True
18118,THANGAMAYL-EQ,THANGAMAYL,,-1.000000,1,,NSE,50.000000,18742,False
18119,SRGHFL-EQ,SRGHFL,,-1.000000,1,,NSE,5.000000,364887,False
18341,VPRPL-EQ,VPRPL,,-1.000000,1,,NSE,1.000000,2684457,False
1838,KARURVYSYA-EQ,KARURVYSYA,,-1.000000,1,,NSE,5.000000,294780,False
1841,KCP-EQ,KCP,,-1.000000,1,,NSE,1.000000,653630,False
18417,RISHABH-EQ,RISHABH,,-1.000000,1,,NSE,5.000000,149627,False
18431,BIGBLOC-EQ,BIGBLOC,,-1.000000,1,,NSE,1.000000,2173895,False
18652,ICICIPRULI-EQ,ICICIPRULI,,-1.000000,1,,NSE,5.000000,197297,True
18659,MARATHON-EQ,MARATHON,,-1.000000,1,,NSE,5.000000,267861,False
18727,MASKINVEST-EQ,MASKINVEST,,-1.000000,1,,NSE,1.000000,99784,False
18755,KALAMANDIR-EQ,KALAMANDIR,,-1.000000,1,,NSE,1.000000,1172330,False
18827,TARAPUR-EQ,TARAPUR,,-1.000000,1,,NSE,1.000000,637650,False
19,STYRENIX-EQ,STYRENIX,,-1.000000,1,,NSE,10.000000,45124,False
19025,KIRLOSIND-EQ,KIRLOSIND,,-1.000000,1,,NSE,10.000000,26525,False
19640,ALPHAETF-EQ,ALPHAETF,,-1.000000,1,,NSE,1.000000,3734099,False
19731,GPPL-EQ,GPPL,,-1.000000,1,,NSE,1.000000,667147,False
199,MASFIN-EQ,MASFIN,,-1.000000,1,,NSE,5.000000,330063,False
1997,LICHSGFIN-EQ,LICHSGFIN,,-1.000000,1,,NSE,5.000000,196372,True
19955,WAAREEINDO-EQ,WAAREEINDO,,-1.000000,1,,NSE,5.000000,334327,False
20063,HEALTHX-EQ,HEALTHX,,-1.000000,1,,NSE,5.000000,340245,False
20134,RAMKY-EQ,RAMKY,,-1.000000,1,,NSE,5.000000,258453,False
20152,ASKAUTOLTD-EQ,ASKAUTOLTD,,-1.000000,1,,NSE,5.000000,153376,False
20224,JWL-EQ,JWL,,-1.000000,1,,NSE,5.000000,385915,False
203,ASHAPURMIN-EQ,ASHAPURMIN,,-1.000000,1,,NSE,5.000000,156853,False
20790,SUMEETINDS-EQ,SUMEETINDS,,-1.000000,1,,NSE,1.000000,6747411,False
21077,SURANASOL-EQ,SURANASOL,,-1.000000,1,,NSE,1.000000,1609055,False
21091,STARCEMENT-EQ,STARCEMENT,,-1.000000,1,,NSE,1.000000,500276,False
21254,LOWVOLIETF-EQ,LOWVOLIETF,,-1.000000,1,,NSE,1.000000,4392533,False
21339,STEELXIND-EQ,STEELXIND,,-1.000000,1,,NSE,1.000000,9389091,False
21427,THEINVEST-EQ,THEINVEST,,-1.000000,1,,NSE,1.000000,1028440,False
21501,SIS-EQ,SIS,,-1.000000,1,,NSE,5.000000,227776,False
21614,ABCAPITAL-EQ,ABCAPITAL,,-1.000000,1,,NSE,5.000000,241210,True
22239,EBBETF0431-EQ,EBBETF0431,,-1.000000,1,,NSE,1.000000,69203,False
22524,GILT10BETA-EQ,GILT10BETA,,-1.000000,1,,NSE,1.000000,294094,False
22670,RPTECH-EQ,RPTECH,,-1.000000,1,,NSE,5.000000,116971,False
22675,CAPITALSFB-EQ,CAPITALSFB,,-1.000000,1,,NSE,5.000000,342690,False
23447,181NSETEST-EQ,181NSETEST,,-1.000000,1,,NSE,5.000000,500000,False
23693,INDGN-EQ,INDGN,,-1.000000,1,,NSE,5.000000,176860,False
24117,BBNPNBETF-EQ,BBNPNBETF,,-1.000000,1,,NSE,1.000000,27375,False
2431,RAILTEL-EQ,RAILTEL,,-1.000000,1,,NSE,5.000000,351427,False
24398,EMCURE-EQ,EMCURE,,-1.000000,1,,NSE,10.000000,49690,False
24847,GSEC10ABSL-EQ,GSEC10ABSL,,-1.000000,1,,NSE,1.000000,94080,False
25157,RVTH-EQ,RVTH,,-1.000000,1,,NSE,5.000000,100289,False
25162,EUREKAFORB-EQ,EUREKAFORB,,-1.000000,1,,NSE,5.000000,217983,False
25312,PNGJL-EQ,PNGJL,,-1.000000,1,,NSE,5.000000,162035,False
25684,JISLDVREQS-EQ,JISLDVREQS,,-1.000000,1,,NSE,1.000000,630923,False
25807,LLOYDSENT-EQ,LLOYDSENT,,-1.000000,1,,NSE,1.000000,1283600,False
25907,WAAREEENER-EQ,WAAREEENER,,-1.000000,1,,NSE,10.000000,37394,True
2598,AMJLAND-EQ,AMJLAND,,-1.000000,1,,NSE,1.000000,1340700,False
25977,AFCONS-EQ,AFCONS,,-1.000000,1,,NSE,5.000000,372933,False
2643,PFIZER-EQ,PFIZER,,-1.000000,1,,NSE,10.000000,19900,False
25996,EMULTIMQ-EQ,EMULTIMQ,,-1.000000,1,,NSE,1.000000,251542,False
27037,TBZ-EQ,TBZ,,-1.000000,1,,NSE,5.000000,422071,False
27095,SWANCORP-EQ,SWANCORP,,-1.000000,1,,NSE,5.000000,324741,False
27969,VMM-EQ,VMM,,-1.000000,1,,NSE,1.000000,925922,True
28378,IGIL-EQ,IGIL,,-1.000000,1,,NSE,5.000000,291275,False
29019,ECAPINSURE-EQ,ECAPINSURE,,-1.000000,1,,NSE,1.000000,216043,False
29224,ONESOURCE-EQ,ONESOURCE,,-1.000000,1,,NSE,10.000000,64889,False
29459,MOSCHIP-EQ,MOSCHIP,,-1.000000,1,,NSE,1.000000,487295,False
29624,AJAXENGG-EQ,AJAXENGG,,-1.000000,1,,NSE,5.000000,176644,False
29687,UNIONGOLD-EQ,UNIONGOLD,,-1.000000,1,,NSE,5.000000,639573,False
2987,NAZARA-EQ,NAZARA,,-1.000000,1,,NSE,5.000000,283776,False
29944,NIFTY100EW-EQ,NIFTY100EW,,-1.000000,1,,NSE,1.000000,305564,False
3088,INDOSTAR-EQ,INDOSTAR,,-1.000000,1,,NSE,5.000000,405656,False
3103,SHREECEM-EQ,SHREECEM,,-1.000000,1,,NSE,500.000000,3896,True
3149,BORORENEW-EQ,BORORENEW,,-1.000000,1,,NSE,5.000000,174371,False
31415,NBCC-EQ,NBCC,,-1.000000,1,,NSE,1.000000,1082700,True
317,BAJFINANCE-EQ,BAJFINANCE,,-1.000000,1,,NSE,10.000000,87163,True
335,BALKRISIND-EQ,BALKRISIND,,-1.000000,1,,NSE,10.000000,40016,False
3329,ISGEC-EQ,ISGEC,,-1.000000,1,,NSE,5.000000,133970,False
3432,TATACONSUM-EQ,TATACONSUM,,-1.000000,1,,NSE,10.000000,94016,True
357,NAM-INDIA-EQ,NAM-INDIA,,-1.000000,1,,NSE,10.000000,84318,True
3546,TTKPRESTIG-EQ,TTKPRESTIG,,-1.000000,1,,NSE,5.000000,170503,False
371,BATAINDIA-EQ,BATAINDIA,,-1.000000,1,,NSE,5.000000,139709,False
3721,TATACOMM-EQ,TATACOMM,,-1.000000,1,,NSE,10.000000,57570,False
3748,WEIZMANIND-EQ,WEIZMANIND,,-1.000000,1,,NSE,1.000000,506648,False
3766,WHEELS-EQ,WHEELS,,-1.000000,1,,NSE,10.000000,73518,False
3807,VINEETLAB-EQ,VINEETLAB,,-1.000000,1,,NSE,1.000000,628044,False
4064,CUBEXTUB-EQ,CUBEXTUB,,-1.000000,1,,NSE,1.000000,468230,False
4204,MOTHERSON-EQ,MOTHERSON,,-1.000000,1,,NSE,1.000000,580494,True
4235,WENDT-EQ,WENDT,,-1.000000,1,,NSE,50.000000,12570,False
4279,DENORA-EQ,DENORA,,-1.000000,1,,NSE,5.000000,118159,False
4503,MPHASIS-EQ,MPHASIS,,-1.000000,1,,NSE,10.000000,39319,True
4566,RUCHINFRA-EQ,RUCHINFRA,,-1.000000,1,,NSE,1.000000,7718015,False
4587,RAMCOIND-EQ,RAMCOIND,,-1.000000,1,,NSE,5.000000,279369,False
4594,KOTHARIPET-EQ,KOTHARIPET,,-1.000000,1,,NSE,1.000000,663846,False
4656,SBCL-EQ,SBCL,,-1.000000,1,,NSE,5.000000,97351,False
4751,INDRAMEDCO-EQ,INDRAMEDCO,,-1.000000,1,,NSE,5.000000,265209,False
489,ICEMAKE-EQ,ICEMAKE,,-1.000000,1,,NSE,5.000000,120683,False
5359,KRSNAA-EQ,KRSNAA,,-1.000000,1,,NSE,5.000000,174260,False
5501,YUKEN-EQ,YUKEN,,-1.000000,1,,NSE,5.000000,118167,False
5633,J&KBANK-EQ,J&KBANK,,-1.000000,1,,NSE,1.000000,634281,False
5688,ARCHIES-EQ,ARCHIES,,-1.000000,1,,NSE,1.000000,1104606,False
559,BSL-EQ,BSL,,-1.000000,1,,NSE,1.000000,336553,False
6062,LICNETFGSC-EQ,LICNETFGSC,,-1.000000,1,,NSE,1.000000,3381231,False
6125,GOODLUCK-EQ,GOODLUCK,,-1.000000,1,,NSE,10.000000,76581,False
6127,DIGJAMLMTD-EQ,DIGJAMLMTD,,-1.000000,1,,NSE,1.000000,654000,False
628,CESC-EQ,CESC,,-1.000000,1,,NSE,1.000000,615064,False
6417,KRITI-EQ,KRITI,,-1.000000,1,,NSE,1.000000,1471641,False
6446,CONSUMIETF-EQ,CONSUMIETF,,-1.000000,1,,NSE,1.000000,140204,False
6543,GRPLTD-EQ,GRPLTD,,-1.000000,1,,NSE,10.000000,50586,False
6596,SONATSOFTW-EQ,SONATSOFTW,,-1.000000,1,,NSE,5.000000,309028,False
6606,EQUAL50ADD-EQ,EQUAL50ADD,,-1.000000,1,,NSE,1.000000,285343,False
6713,MOLDTKPAC-EQ,MOLDTKPAC,,-1.000000,1,,NSE,5.000000,145863,False
6803,STEELCAS-EQ,STEELCAS,,-1.000000,1,,NSE,5.000000,303195,False
6818,LATENTVIEW-EQ,LATENTVIEW,,-1.000000,1,,NSE,5.000000,344737,False
6977,ICDSLTD-EQ,ICDSLTD,,-1.000000,1,,NSE,1.000000,425973,False
7053,ACCELYA-EQ,ACCELYA,,-1.000000,1,,NSE,10.000000,87542,False
7091,SEJALLTD-EQ,SEJALLTD,,-1.000000,1,,NSE,5.000000,147060,False
7109,JMA-EQ,JMA,,-1.000000,1,,NSE,1.000000,746902,False
7200,SHRIRAMPPS-EQ,SHRIRAMPPS,,-1.000000,1,,NSE,1.000000,1200382,False
7358,DATAPATTNS-EQ,DATAPATTNS,,-1.000000,1,,NSE,10.000000,22225,False
740,SBIETFIT-EQ,SBIETFIT,,-1.000000,1,,NSE,1.000000,79001,False
750174,VAML-EQ,VAML,,-1.000000,1,,NSE,5.000000,215071,False
756015,CIFL-EQ,CIFL,,-1.000000,1,,NSE,1.000000,4561671,False
756020,TINNARUBR-EQ,TINNARUBR,,-1.000000,1,,NSE,10.000000,92240,False
756086,GROWWMOM50-EQ,GROWWMOM50,,-1.000000,1,,NSE,1.000000,842511,False
757102,BELRISE-EQ,BELRISE,,-1.000000,1,,NSE,1.000000,382025,False
757142,EQUAL50-EQ,EQUAL50,,-1.000000,1,,NSE,1.000000,178951,False
757658,FISCHER-EQ,FISCHER,,-1.000000,1,,NSE,1.000000,2655022,False
757814,GROWWNET-EQ,GROWWNET,,-1.000000,1,,NSE,1.000000,1206056,False
757955,PASHUPATI-EQ,PASHUPATI,,-1.000000,1,,NSE,1.000000,1191849,False
757946,QUALITY30-EQ,QUALITY30,,-1.000000,1,,NSE,1.000000,44574,False
758955,SML100CASE-EQ,SML100CASE,,-1.000000,1,,NSE,1.000000,2751028,False
758958,STLNETWORK-EQ,STLNETWORK,,-1.000000,1,,NSE,1.000000,3821150,False
759041,IVALUE-EQ,IVALUE,,-1.000000,1,,NSE,5.000000,352748,False
759291,BLUESTONE-EQ,BLUESTONE,,-1.000000,1,,NSE,5.000000,111710,False
759569,ORKLAINDIA-EQ,ORKLAINDIA,,-1.000000,1,,NSE,5.000000,181236,False
759769,ADVENTHTL-EQ,ADVENTHTL,,-1.000000,1,,NSE,1.000000,698236,False
759797,EUROPRATIK-EQ,EUROPRATIK,,-1.000000,1,,NSE,5.000000,340632,False
759876,UTLSOLAR-EQ,UTLSOLAR,,-1.000000,1,,NSE,5.000000,256876,False
759934,STYL-EQ,STYL,,-1.000000,1,,NSE,5.000000,243355,False
759969,PAUSHAKLTD-EQ,PAUSHAKLTD,,-1.000000,1,,NSE,5.000000,143404,False
760125,FABTECH-EQ,FABTECH,,-1.000000,1,,NSE,1.000000,685786,False
760183,CLEANMAX-EQ,CLEANMAX,,-1.000000,1,,NSE,10.000000,78708,False
760213,LGEINDIA-EQ,LGEINDIA,,-1.000000,1,,NSE,10.000000,63125,False
7603,CMSINFO-EQ,CMSINFO,,-1.000000,1,,NSE,5.000000,391178,False
760351,PARKHOSPS-EQ,PARKHOSPS,,-1.000000,1,,NSE,5.000000,352887,False
760874,GROWWHOSPI-EQ,GROWWHOSPI,,-1.000000,1,,NSE,1.000000,834224,False
761192,KRISHNADEF-EQ,KRISHNADEF,,-1.000000,1,,NSE,10.000000,85538,False
761099,INA-EQ,INA,,-1.000000,1,,NSE,1.000000,943288,False
761469,SHADOWFAX-EQ,SHADOWFAX,,-1.000000,1,,NSE,1.000000,403636,False
762227,RAMBHAJO-EQ,RAMBHAJO,,-1.000000,1,,NSE,1.000000,540649,False
762346,RMC-EQ,RMC,,-1.000000,1,,NSE,5.000000,330896,False
762643,DISAQ-EQ,DISAQ,,-1.000000,1,,NSE,100.000000,8603,False
762675,FEDDERSHOL-EQ,FEDDERSHOL,,-1.000000,1,,NSE,1.000000,2436528,False
762690,GNRL-EQ,GNRL,,-1.000000,1,,NSE,1.000000,874807,False
762752,KOTIC-EQ,KOTIC,,-1.000000,1,,NSE,1.000000,678052,False
762879,SAYAJIHOTL-EQ,SAYAJIHOTL,,-1.000000,1,,NSE,5.000000,304865,False
762909,SHRIKRISH-EQ,SHRIKRISH,,-1.000000,1,,NSE,1.000000,915600,False
762954,TIMEX-EQ,TIMEX,,-1.000000,1,,NSE,5.000000,177369,False
764050,GYFTR-EQ,GYFTR,,-1.000000,1,,NSE,1.000000,624374,False
764121,RIR-EQ,RIR,,-1.000000,1,,NSE,1.000000,565600,False
772,DABUR-EQ,DABUR,,-1.000000,1,,NSE,5.000000,243031,True
7835,WEL-EQ,WEL,,-1.000000,1,,NSE,1.000000,740394,False
7852,INOXWIND-EQ,INOXWIND,,-1.000000,1,,NSE,1.000000,1349753,True
8050,MAHLIFE-EQ,MAHLIFE,,-1.000000,1,,NSE,5.000000,261131,False
8054,KTKBANK-EQ,KTKBANK,,-1.000000,1,,NSE,5.000000,318447,False
8110,AWL-EQ,AWL,,-1.000000,1,,NSE,1.000000,514672,False
827,DEEPAKFERT-EQ,DEEPAKFERT,,-1.000000,1,,NSE,10.000000,68673,False
8546,CHALET-EQ,CHALET,,-1.000000,1,,NSE,5.000000,121541,False
8840,USHAMART-EQ,USHAMART,,-1.000000,1,,NSE,5.000000,200215,False
8833,BCG-EQ,BCG,,-1.000000,1,,NSE,1.000000,10129967,False
8882,TNIDETF-EQ,TNIDETF,,-1.000000,1,,NSE,1.000000,623711,False
896,KHAICHEM-EQ,KHAICHEM,,-1.000000,1,,NSE,1.000000,1928242,False
8962,HARDWYN-EQ,HARDWYN,,-1.000000,1,,NSE,1.000000,8687776,False
8998,UMIYA-MRO-EQ,UMIYA-MRO,,-1.000000,1,,NSE,1.000000,610986,False
9049,ROTO-EQ,ROTO,,-1.000000,1,,NSE,1.000000,1491547,False
9305,STARTECK-EQ,STARTECK,,-1.000000,1,,NSE,5.000000,324067,False
9480,LICI-EQ,LICI,,-1.000000,1,,NSE,5.000000,227699,True
9652,RELCHEMQ-EQ,RELCHEMQ,,-1.000000,1,,NSE,1.000000,246674,False
9810,AETHER-EQ,AETHER,,-1.000000,1,,NSE,10.000000,61976,False
9897,AIRAN-EQ,AIRAN,,-1.000000,1,,NSE,1.000000,4088154,False
9931,VIKASLIFE-EQ,VIKASLIFE,,-1.000000,1,,NSE,1.000000,60745761,False
1814,KPIL-EQ,KPIL,,-1.000000,1,,NSE,10.000000,71553,False
1826,KAMATHOTEL-EQ,KAMATHOTEL,,-1.000000,1,,NSE,1.000000,562538,False
18284,HNGSNGBEES-EQ,HNGSNGBEES,,-1.000000,1,,NSE,1.000000,216289,False
18566,RRKABEL-EQ,RRKABEL,,-1.000000,1,,NSE,10.000000,35741,False
18608,ZAGGLE-EQ,ZAGGLE,,-1.000000,1,,NSE,1.000000,495748,False
18840,NIRAJISPAT-EQ,NIRAJISPAT,,-1.000000,1,,NSE,1.000000,19620,False
18931,SUNDARAM-EQ,SUNDARAM,,-1.000000,1,,NSE,1.000000,15495803,False
19496,SECMARK-EQ,SECMARK,,-1.000000,1,,NSE,1.000000,341616,False
19691,JITFINFRA-EQ,JITFINFRA,,-1.000000,1,,NSE,5.000000,287007,False
20188,WABAG-EQ,WABAG,,-1.000000,1,,NSE,10.000000,52469,False
2029,IRFC-EQ,IRFC,,-1.000000,1,,NSE,1.000000,1123891,True
20296,SHAH-EQ,SHAH,,-1.000000,1,,NSE,1.000000,24449006,False
20322,FEDFINA-EQ,FEDFINA,,-1.000000,1,,NSE,1.000000,658391,False
20329,CGCL-EQ,CGCL,,-1.000000,1,,NSE,1.000000,436817,False
20560,DOLLAR-EQ,DOLLAR,,-1.000000,1,,NSE,5.000000,360601,False
20698,SCHAND-EQ,SCHAND,,-1.000000,1,,NSE,1.000000,716942,False
20877,PSPPROJECT-EQ,PSPPROJECT,,-1.000000,1,,NSE,5.000000,110124,False
20936,KIRLOSENG-EQ,KIRLOSENG,,-1.000000,1,,NSE,10.000000,48556,False
2107,STOVEKRAFT-EQ,STOVEKRAFT,,-1.000000,1,,NSE,5.000000,125112,False
21238,AUBANK-EQ,AUBANK,,-1.000000,1,,NSE,10.000000,91346,True
21275,SUMMITSEC-EQ,SUMMITSEC,,-1.000000,1,,NSE,10.000000,69139,False
21383,PALASHSECU-EQ,PALASHSECU,,-1.000000,1,,NSE,1.000000,327101,False
21428,TATSILV-EQ,TATSILV,,-1.000000,1,,NSE,1.000000,4416677,False
21478,NEXT50BETA-EQ,NEXT50BETA,,-1.000000,1,,NSE,1.000000,1239996,False
21683,BRNL-EQ,BRNL,,-1.000000,1,,NSE,1.000000,2745165,False
22344,ALPL30IETF-EQ,ALPL30IETF,,-1.000000,1,,NSE,1.000000,3509644,False
22415,LOVABLE-EQ,LOVABLE,,-1.000000,1,,NSE,1.000000,483960,False
22440,BANKBETA-EQ,BANKBETA,,-1.000000,1,,NSE,1.000000,1680521,False
22592,HEALTHADD-EQ,HEALTHADD,,-1.000000,1,,NSE,1.000000,350172,False
22656,SIGNPOST-EQ,SIGNPOST,,-1.000000,1,,NSE,5.000000,371263,False
22663,JSFB-EQ,JSFB,,-1.000000,1,,NSE,5.000000,182977,False
22722,LICNMID100-EQ,LICNMID100,,-1.000000,1,,NSE,1.000000,1555831,False
22846,GPTHEALTH-EQ,GPTHEALTH,,-1.000000,1,,NSE,1.000000,635760,False
2294,MTNL-EQ,MTNL,,-1.000000,1,,NSE,1.000000,3705030,False
2303,HAL-EQ,HAL,,-1.000000,1,,NSE,10.000000,19394,True
23043,RKSWAMY-EQ,RKSWAMY,,-1.000000,1,,NSE,1.000000,992231,False
23175,KRYSTAL-EQ,KRYSTAL,,-1.000000,1,,NSE,5.000000,161152,False
23480,SINCLAIR-EQ,SINCLAIR,,-1.000000,1,,NSE,1.000000,1298672,False
23507,UEL-EQ,UEL,,-1.000000,1,,NSE,1.000000,385074,False
236,ASIANPAINT-EQ,ASIANPAINT,,-1.000000,1,,NSE,10.000000,36449,True
2397,SANDHAR-EQ,SANDHAR,,-1.000000,1,,NSE,5.000000,159565,False
2406,NEULANDLAB-EQ,NEULANDLAB,,-1.000000,1,,NSE,100.000000,4439,False
24159,AFIL-EQ,AFIL,,-1.000000,1,,NSE,1.000000,10256081,False
2421,NILKAMAL-EQ,NILKAMAL,,-1.000000,1,,NSE,10.000000,53780,False
24190,SYMPHONY-EQ,SYMPHONY,,-1.000000,1,,NSE,5.000000,158424,False
24374,LIQUIDSHRI-EQ,LIQUIDSHRI,,-1.000000,1,,NSE,1.000000,10940,False
24533,OILIETF-EQ,OILIETF,,-1.000000,1,,NSE,1.000000,8733530,False
24595,RUSHIL-EQ,RUSHIL,,-1.000000,1,,NSE,1.000000,5763586,False
24742,CEIGALL-EQ,CEIGALL,,-1.000000,1,,NSE,5.000000,313046,False
24781,BSLNIFTY-EQ,BSLNIFTY,,-1.000000,1,,NSE,1.000000,3482692,False
24870,INVENTURE-EQ,INVENTURE,,-1.000000,1,,NSE,1.000000,34335000,False
2493,ORIENTHOT-EQ,ORIENTHOT,,-1.000000,1,,NSE,1.000000,790301,False
2496,ORIENTPPR-EQ,ORIENTPPR,,-1.000000,1,,NSE,1.000000,5827471,False
24969,WINDMACHIN-EQ,WINDMACHIN,,-1.000000,1,,NSE,5.000000,327683,False
25235,XTGLOBAL-EQ,XTGLOBAL,,-1.000000,1,,NSE,1.000000,3133800,False
25258,EBANKNIFTY-EQ,EBANKNIFTY,,-1.000000,1,,NSE,1.000000,17705,False
25358,PGEL-EQ,PGEL,,-1.000000,1,,NSE,5.000000,162645,True
25574,SHAKTIPUMP-EQ,SHAKTIPUMP,,-1.000000,1,,NSE,5.000000,195955,False
25640,LICMFGOLD-EQ,LICMFGOLD,,-1.000000,1,,NSE,5.000000,733650,False
25672,DIFFNKG-EQ,DIFFNKG,,-1.000000,1,,NSE,5.000000,275756,False
25690,DSSL-EQ,DSSL,,-1.000000,1,,NSE,10.000000,80714,False
25756,VIKASECO-EQ,VIKASECO,,-1.000000,1,,NSE,1.000000,57836686,False
25758,GROWWDEFNC-EQ,GROWWDEFNC,,-1.000000,1,,NSE,1.000000,1044246,False
25800,GARUDA-EQ,GARUDA,,-1.000000,1,,NSE,1.000000,544945,False
2595,3PLAND-EQ,3PLAND,,-1.000000,1,,NSE,1.000000,588600,False
25984,AVL-EQ,AVL,,-1.000000,1,,NSE,5.000000,161939,False
2627,IT-EQ,IT,,-1.000000,1,,NSE,1.000000,2827228,False
2664,PIDILITIND-EQ,PIDILITIND,,-1.000000,1,,NSE,10.000000,58013,True
2687,POLYPLEX-EQ,POLYPLEX,,-1.000000,1,,NSE,10.000000,84351,False
27020,ABINFRA-EQ,ABINFRA,,-1.000000,1,,NSE,1.000000,9008846,False
27066,SWIGGY-EQ,SWIGGY,,-1.000000,1,,NSE,5.000000,356080,True
27107,SPECIALITY-EQ,SPECIALITY,,-1.000000,1,,NSE,1.000000,631356,False
27144,BLACKBUCK-EQ,BLACKBUCK,,-1.000000,1,,NSE,5.000000,175886,False
27161,CINELINE-EQ,CINELINE,,-1.000000,1,,NSE,1.000000,1119313,False
27334,SURAKSHA-EQ,SURAKSHA,,-1.000000,1,,NSE,5.000000,369877,False
28314,ANUHPHR-EQ,ANUHPHR,,-1.000000,1,,NSE,1.000000,1295595,False
28662,DAMCAPITAL-EQ,DAMCAPITAL,,-1.000000,1,,NSE,1.000000,684169,False
28764,CEWATER-EQ,CEWATER,,-1.000000,1,,NSE,5.000000,383128,False
28888,SENORES-EQ,SENORES,,-1.000000,1,,NSE,10.000000,66961,False
29087,QUADFUTURE-EQ,QUADFUTURE,,-1.000000,1,,NSE,5.000000,281040,False
29423,MOHITIND-EQ,MOHITIND,,-1.000000,1,,NSE,1.000000,462952,False
29482,MCLOUD-EQ,MCLOUD,,-1.000000,1,,NSE,1.000000,3438384,False
29553,NIFTYIETF-EQ,NIFTYIETF,,-1.000000,1,,NSE,1.000000,358930,False
2998,SUVIDHAA-EQ,SUVIDHAA,,-1.000000,1,,NSE,1.000000,6860678,False
30105,GOLD360-EQ,GOLD360,,-1.000000,1,,NSE,5.000000,306679,False
30108,ABFRL-EQ,ABFRL,,-1.000000,1,,NSE,1.000000,1748990,False
30134,PRABHA-EQ,PRABHA,,-1.000000,1,,NSE,1.000000,630449,False
30392,NIF100IETF-EQ,NIF100IETF,,-1.000000,1,,NSE,1.000000,1841244,False
30893,CMRGREEN-EQ,CMRGREEN,,-1.000000,1,,NSE,1.000000,463521,False
3247,NITIRAJ-EQ,NITIRAJ,,-1.000000,1,,NSE,1.000000,335207,False
3275,TEMBO-EQ,TEMBO,,-1.000000,1,,NSE,5.000000,1632533,False
3348,SUNFLAG-EQ,SUNFLAG,,-1.000000,1,,NSE,5.000000,278078,False
3453,TECILCHEM-EQ,TECILCHEM,,-1.000000,1,,NSE,1.000000,620112,False
3799,WSTCSTPAPR-EQ,WSTCSTPAPR,,-1.000000,1,,NSE,5.000000,160102,False
3965,REMSONSIND-EQ,REMSONSIND,,-1.000000,1,,NSE,1.000000,1131711,False
3987,GREENPLY-EQ,GREENPLY,,-1.000000,1,,NSE,5.000000,361466,False
4136,BIOFILCHEM-EQ,BIOFILCHEM,,-1.000000,1,,NSE,1.000000,532153,False
4344,PUNJABCHEM-EQ,PUNJABCHEM,,-1.000000,1,,NSE,10.000000,91623,False
4157,KEYFINSERV-EQ,KEYFINSERV,,-1.000000,1,,NSE,5.000000,182029,False
4378,SENSEXIETF-EQ,SENSEXIETF,,-1.000000,1,,NSE,1.000000,111094,False
4598,HERITGFOOD-EQ,HERITGFOOD,,-1.000000,1,,NSE,5.000000,279594,False
4847,KIMS-EQ,KIMS,,-1.000000,1,,NSE,5.000000,124321,False
4870,INDSWFTLAB-EQ,INDSWFTLAB,,-1.000000,1,,NSE,1.000000,333278,False
4934,IPL-EQ,IPL,,-1.000000,1,,NSE,1.000000,703764,False
4957,GANGAFORGE-EQ,GANGAFORGE,,-1.000000,1,,NSE,1.000000,11020082,False
4992,SHARDACROP-EQ,SHARDACROP,,-1.000000,1,,NSE,5.000000,125316,False
5168,SBIETFCON-EQ,SBIETFCON,,-1.000000,1,,NSE,1.000000,62889,False
5204,GMDCLTD-EQ,GMDCLTD,,-1.000000,1,,NSE,5.000000,165678,False
5239,MAHAPEXLTD-EQ,MAHAPEXLTD,,-1.000000,1,,NSE,1.000000,921609,False
5265,ALIVUS-EQ,ALIVUS,,-1.000000,1,,NSE,10.000000,73398,False
5732,CONSUMAXIS-EQ,CONSUMAXIS,,-1.000000,1,,NSE,1.000000,36115,False
6068,AIROLAM-EQ,AIROLAM,,-1.000000,1,,NSE,1.000000,490565,False
619,CENTENKA-EQ,CENTENKA,,-1.000000,1,,NSE,5.000000,168599,False
6718,SAPPHIRE-EQ,SAPPHIRE,,-1.000000,1,,NSE,1.000000,431295,False
694,CIPLA-EQ,CIPLA,,-1.000000,1,,NSE,10.000000,67859,True
6944,GANECOS-EQ,GANECOS,,-1.000000,1,,NSE,10.000000,93491,False
708,SHRADHA-EQ,SHRADHA,,-1.000000,1,,NSE,1.000000,2648620,False
7074,MAHKTECH-EQ,MAHKTECH,,-1.000000,1,,NSE,1.000000,5070988,False
7451,NIFTYADD-EQ,NIFTYADD,,-1.000000,1,,NSE,1.000000,280958,False
750290,VISL-EQ,VISL,,-1.000000,1,,NSE,1.000000,2557393,False
7508,ZENTEC-EQ,ZENTEC,,-1.000000,1,,NSE,10.000000,54806,False
755881,EVIETF-EQ,EVIETF,,-1.000000,1,,NSE,1.000000,710214,False
756150,SILVER360-EQ,SILVER360,,-1.000000,1,,NSE,1.000000,65600,False
756782,KRISHIVAL-EQ,KRISHIVAL,,-1.000000,1,,NSE,5.000000,246472,False
757096,AONENIFTY-EQ,AONENIFTY,,-1.000000,1,,NSE,1.000000,732525,False
757885,ANTHEM-EQ,ANTHEM,,-1.000000,1,,NSE,5.000000,113765,False
758002,SHANTIGOLD-EQ,SHANTIGOLD,,-1.000000,1,,NSE,1.000000,434345,False
758115,JSLL-EQ,JSLL,,-1.000000,1,,NSE,5.000000,195400,False
758448,ALLTIME-EQ,ALLTIME,,-1.000000,1,,NSE,1.000000,457375,False
758460,JSWCEMENT-EQ,JSWCEMENT,,-1.000000,1,,NSE,1.000000,764847,False
758558,KALPATARU-EQ,KALPATARU,,-1.000000,1,,NSE,5.000000,350053,False
758697,GROWWNIFTY-EQ,GROWWNIFTY,,-1.000000,1,,NSE,1.000000,1187131,False
758973,VIKRAN-EQ,VIKRAN,,-1.000000,1,,NSE,1.000000,1512390,False
759130,ABCOTS-EQ,ABCOTS,,-1.000000,1,,NSE,1.000000,502154,False
759244,JAINREC-EQ,JAINREC,,-1.000000,1,,NSE,5.000000,329902,False
759251,EPACKPEB-EQ,EPACKPEB,,-1.000000,1,,NSE,5.000000,422943,False
759448,SHREEJISPG-EQ,SHREEJISPG,,-1.000000,1,,NSE,5.000000,155749,False
759477,CANHLIFE-EQ,CANHLIFE,,-1.000000,1,,NSE,1.000000,677350,False
759747,SHIVAUM-EQ,SHIVAUM,,-1.000000,1,,NSE,5.000000,222434,False
759752,MODIS-EQ,MODIS,,-1.000000,1,,NSE,5.000000,246966,False
759820,PINELABS-EQ,PINELABS,,-1.000000,1,,NSE,1.000000,587917,False
759847,SHILCTECH-EQ,SHILCTECH,,-1.000000,1,,NSE,10.000000,25934,False
759987,KSR-EQ,KSR,,-1.000000,1,,NSE,1.000000,600973,False
760051,GROWWCAPM-EQ,GROWWCAPM,,-1.000000,1,,NSE,1.000000,1364483,False
760054,MOMNC-EQ,MOMNC,,-1.000000,1,,NSE,1.000000,24525,False
760325,GOLDBND-EQ,GOLDBND,,-1.000000,1,,NSE,1.000000,23246,False
760392,RUDRA-EQ,RUDRA,,-1.000000,1,,NSE,1.000000,3281243,False
760433,KSHINTL-EQ,KSHINTL,,-1.000000,1,,NSE,5.000000,100210,False
760673,GROWWCHEM-EQ,GROWWCHEM,,-1.000000,1,,NSE,1.000000,289576,False
760715,HALDER-EQ,HALDER,,-1.000000,1,,NSE,1.000000,363529,False
760923,KNAGRI-EQ,KNAGRI,,-1.000000,1,,NSE,1.000000,496803,False
760946,KWIL-EQ,KWIL,,-1.000000,1,,NSE,1.000000,2746672,False
761095,SBIMIDMOM-EQ,SBIMIDMOM,,-1.000000,1,,NSE,1.000000,1143780,False
761386,MARSONS-EQ,MARSONS,,-1.000000,1,,NSE,1.000000,969267,False
761675,SAIPARENT-EQ,SAIPARENT,,-1.000000,1,,NSE,5.000000,181002,False
761741,SBINMID150-EQ,SBINMID150,,-1.000000,1,,NSE,1.000000,196037,False
762432,OMPOWER-EQ,OMPOWER,,-1.000000,1,,NSE,1.000000,624217,False
762593,BIRLAPREC-EQ,BIRLAPREC,,-1.000000,1,,NSE,1.000000,2236275,False
762695,GRANDOAK-EQ,GRANDOAK,,-1.000000,1,,NSE,1.000000,2545123,False
762727,IWP-EQ,IWP,,-1.000000,1,,NSE,1.000000,2091907,False
762772,MAFATIND-EQ,MAFATIND,,-1.000000,1,,NSE,1.000000,792143,False
762844,PRAVEG-EQ,PRAVEG,,-1.000000,1,,NSE,5.000000,367485,False
762889,SEIL-EQ,SEIL,,-1.000000,1,,NSE,1.000000,487508,False
762899,SHBAJRG-EQ,SHBAJRG,,-1.000000,1,,NSE,1.000000,294300,False
762914,SIKA-EQ,SIKA,,-1.000000,1,,NSE,10.000000,89955,False
762939,TECHNVISN-EQ,TECHNVISN,,-1.000000,1,,NSE,10.000000,19427,False
762985,ZSARACOM-EQ,ZSARACOM,,-1.000000,1,,NSE,100.000000,8657,False
764183,BANK10BETF-EQ,BANK10BETF,,-1.000000,1,,NSE,1.000000,387020,False
7672,IMAGICAA-EQ,IMAGICAA,,-1.000000,1,,NSE,1.000000,2105004,False
7844,AUTOIETF-EQ,AUTOIETF,,-1.000000,1,,NSE,1.000000,2500409,False
7936,AVANTIFEED-EQ,AVANTIFEED,,-1.000000,1,,NSE,5.000000,115127,False
7942,SILVERIETF-EQ,SILVERIETF,,-1.000000,1,,NSE,1.000000,429250,False
8413,MIDCAPETF-EQ,MIDCAPETF,,-1.000000,1,,NSE,1.000000,4167806,False
8585,NLCINDIA-EQ,NLCINDIA,,-1.000000,1,,NSE,5.000000,360525,False
8632,LOWVOL1-EQ,LOWVOL1,,-1.000000,1,,NSE,1.000000,4238203,False
910,EICHERMOT-EQ,EICHERMOT,,-1.000000,1,,NSE,50.000000,12352,True
913,EQUITASBNK-EQ,EQUITASBNK,,-1.000000,1,,NSE,1.000000,1340441,False
937,ELGIEQUIP-EQ,ELGIEQUIP,,-1.000000,1,,NSE,5.000000,173666,False
9348,IOB-EQ,IOB,,-1.000000,1,,NSE,1.000000,2946258,False
940,PGHL-EQ,PGHL,,-1.000000,1,,NSE,50.000000,16798,False
9378,TRU-EQ,TRU,,-1.000000,1,,NSE,1.000000,3886783,False
9428,SKIPPER-EQ,SKIPPER,,-1.000000,1,,NSE,5.000000,184823,False
9581,METROPOLIS-EQ,METROPOLIS,,-1.000000,1,,NSE,5.000000,180997,False
9599,DELHIVERY-EQ,DELHIVERY,,-1.000000,1,,NSE,5.000000,211924,True
9641,KHANDSE-EQ,KHANDSE,,-1.000000,1,,NSE,1.000000,498799,False
981,EPL-EQ,EPL,,-1.000000,1,,NSE,1.000000,410351,False
